секция,населено место,гласове април,гласове юли,спад %,ГЕРБ-СДС април,ГЕРБ-СДС юли,ГЕРБ-СДС спад %,ДПС април,ДПС юли,ДПС спад %,БСП април,БСП юли,БСП спад %,ИТН април,ИТН юли,ИТН спад %,МУТРИ ВЪН! април,МУТРИ ВЪН! юли,МУТРИ ВЪН! спад %,ДБ април,ДБ юли,ДБ спад %
152400204,с.Буковлък,655.0,213.0,67.48091603053436,355.0,45.0,87.32394366197182,226.0,7.0,96.90265486725663,22.0,23.0,-4.545454545454546,15.0,92.0,-513.3333333333334,3.0,8.0,-166.66666666666669,1.0,3.0,-200.0
152400205,с.Буковлък,798.0,112.0,85.96491228070175,483.0,1.0,99.79296066252587,259.0,36.0,86.10038610038609,28.0,15.0,46.42857142857143,5.0,18.0,-260.0,0.0,1.0,,0.0,3.0,
152400206,с.Буковлък,928.0,177.0,80.92672413793103,351.0,17.0,95.15669515669516,531.0,47.0,91.1487758945386,16.0,18.0,-12.5,10.0,60.0,-500.0,0.0,3.0,,0.0,5.0,
Общо,,2381.0,502.0,78.91642167156657,1189.0,63.0,94.70142977291842,1016.0,90.0,91.14173228346458,66.0,56.0,15.151515151515152,30.0,170.0,-466.6666666666667,3.0,12.0,-300.0,1.0,11.0,-1000.0
031300010,с.Венелин,273.0,77.0,71.7948717948718,76.0,29.0,61.8421052631579,120.0,14.0,88.33333333333333,40.0,12.0,70.0,9.0,10.0,-11.11111111111111,8.0,7.0,12.5,1.0,1.0,0.0
Общо,,273.0,77.0,71.7948717948718,76.0,29.0,61.8421052631579,120.0,14.0,88.33333333333333,40.0,12.0,70.0,9.0,10.0,-11.11111111111111,8.0,7.0,12.5,1.0,1.0,0.0
081700028,с.Септемврийци,123.0,37.0,69.91869918699187,71.0,7.0,90.14084507042254,4.0,5.0,-25.0,14.0,6.0,57.14285714285714,6.0,11.0,-83.33333333333334,0.0,0.0,,1.0,2.0,-100.0
Общо,,123.0,37.0,69.91869918699187,71.0,7.0,90.14084507042254,4.0,5.0,-25.0,14.0,6.0,57.14285714285714,6.0,11.0,-83.33333333333334,0.0,0.0,,1.0,2.0,-100.0
283500059,с.Голямо ново,228.0,86.0,62.28070175438597,57.0,21.0,63.1578947368421,112.0,26.0,76.78571428571429,18.0,13.0,27.77777777777778,20.0,15.0,25.0,1.0,2.0,-100.0,0.0,0.0,
283500060,с.Голямо ново,154.0,36.0,76.62337662337663,13.0,7.0,46.15384615384615,122.0,18.0,85.24590163934425,6.0,3.0,50.0,3.0,4.0,-33.33333333333333,0.0,2.0,,0.0,1.0,
Общо,,382.0,122.0,68.06282722513089,70.0,28.0,60.0,234.0,44.0,81.19658119658119,24.0,16.0,33.33333333333333,23.0,19.0,17.391304347826086,1.0,4.0,-300.0,0.0,1.0,
131900151,с.Алеко Константиново,318.0,66.0,79.24528301886792,43.0,15.0,65.11627906976744,205.0,6.0,97.07317073170731,35.0,23.0,34.285714285714285,8.0,11.0,-37.5,5.0,3.0,40.0,4.0,4.0,0.0
131900152,с.Алеко Константиново,316.0,77.0,75.63291139240506,40.0,15.0,62.5,210.0,1.0,99.52380952380952,32.0,32.0,0.0,14.0,24.0,-71.42857142857143,2.0,0.0,100.0,0.0,2.0,
131900153,с.Алеко Константиново,319.0,174.0,45.45454545454545,121.0,42.0,65.28925619834712,40.0,0.0,100.0,47.0,33.0,29.78723404255319,70.0,64.0,8.571428571428571,3.0,5.0,-66.66666666666666,2.0,4.0,-100.0
Общо,,953.0,317.0,66.73662119622246,204.0,72.0,64.70588235294117,455.0,7.0,98.46153846153847,114.0,88.0,22.807017543859647,92.0,99.0,-7.608695652173914,10.0,8.0,20.0,6.0,10.0,-66.66666666666666
283500087,с.Пробуда,168.0,56.0,66.66666666666666,40.0,20.0,50.0,75.0,13.0,82.66666666666667,13.0,7.0,46.15384615384615,11.0,5.0,54.54545454545454,0.0,2.0,,1.0,2.0,-100.0
Общо,,168.0,56.0,66.66666666666666,40.0,20.0,50.0,75.0,13.0,82.66666666666667,13.0,7.0,46.15384615384615,11.0,5.0,54.54545454545454,0.0,2.0,,1.0,2.0,-100.0
264300038,с.Церецел,14.0,5.0,64.28571428571429,7.0,3.0,57.14285714285714,1.0,0.0,100.0,1.0,2.0,-100.0,1.0,0.0,100.0,0.0,0.0,,0.0,0.0,
Общо,,14.0,5.0,64.28571428571429,7.0,3.0,57.14285714285714,1.0,0.0,100.0,1.0,2.0,-100.0,1.0,0.0,100.0,0.0,0.0,,0.0,0.0,
273600025,с.Свобода,320.0,115.0,64.0625,177.0,29.0,83.61581920903954,37.0,3.0,91.8918918918919,60.0,41.0,31.666666666666664,22.0,17.0,22.727272727272727,6.0,7.0,-16.666666666666664,0.0,1.0,
Общо,,320.0,115.0,64.0625,177.0,29.0,83.61581920903954,37.0,3.0,91.8918918918919,60.0,41.0,31.666666666666664,22.0,17.0,22.727272727272727,6.0,7.0,-16.666666666666664,0.0,1.0,
042200021,с.Батак,303.0,113.0,62.70627062706271,24.0,29.0,-20.833333333333336,101.0,17.0,83.16831683168317,67.0,46.0,31.343283582089555,14.0,9.0,35.714285714285715,4.0,2.0,50.0,2.0,2.0,0.0
Общо,,303.0,113.0,62.70627062706271,24.0,29.0,-20.833333333333336,101.0,17.0,83.16831683168317,67.0,46.0,31.343283582089555,14.0,9.0,35.714285714285715,4.0,2.0,50.0,2.0,2.0,0.0
113600009,с.Кирчево,565.0,220.0,61.06194690265486,337.0,77.0,77.1513353115727,44.0,32.0,27.27272727272727,66.0,40.0,39.39393939393939,60.0,37.0,38.333333333333336,14.0,6.0,57.14285714285714,5.0,7.0,-40.0
Общо,,565.0,220.0,61.06194690265486,337.0,77.0,77.1513353115727,44.0,32.0,27.27272727272727,66.0,40.0,39.39393939393939,60.0,37.0,38.333333333333336,14.0,6.0,57.14285714285714,5.0,7.0,-40.0
283500057,с.Вардун,275.0,108.0,60.72727272727273,8.0,42.0,-425.0,140.0,38.0,72.85714285714285,35.0,13.0,62.857142857142854,13.0,11.0,15.384615384615385,1.0,2.0,-100.0,2.0,1.0,50.0
Общо,,275.0,108.0,60.72727272727273,8.0,42.0,-425.0,140.0,38.0,72.85714285714285,35.0,13.0,62.857142857142854,13.0,11.0,15.384615384615385,1.0,2.0,-100.0,2.0,1.0,50.0
273100153,с.Хан Аспарухово,425.0,170.0,60.0,48.0,36.0,25.0,250.0,41.0,83.6,45.0,33.0,26.666666666666668,27.0,15.0,44.44444444444444,14.0,13.0,7.142857142857142,2.0,3.0,-50.0
Общо,,425.0,170.0,60.0,48.0,36.0,25.0,250.0,41.0,83.6,45.0,33.0,26.666666666666668,27.0,15.0,44.44444444444444,14.0,13.0,7.142857142857142,2.0,3.0,-50.0
081200015,с.Горица,41.0,17.0,58.536585365853654,8.0,7.0,12.5,15.0,1.0,93.33333333333333,4.0,3.0,25.0,0.0,4.0,,0.0,0.0,,0.0,2.0,
Общо,,41.0,17.0,58.536585365853654,8.0,7.0,12.5,15.0,1.0,93.33333333333333,4.0,3.0,25.0,0.0,4.0,,0.0,0.0,,0.0,2.0,
132900022,с.Ковачево,454.0,302.0,33.480176211453745,149.0,104.0,30.201342281879196,52.0,2.0,96.15384615384616,96.0,64.0,33.33333333333333,84.0,97.0,-15.476190476190476,8.0,9.0,-12.5,6.0,5.0,16.666666666666664
132900023,с.Ковачево,349.0,31.0,91.11747851002865,5.0,7.0,-40.0,298.0,8.0,97.31543624161074,28.0,8.0,71.42857142857143,3.0,4.0,-33.33333333333333,5.0,1.0,80.0,0.0,0.0,
Общо,,803.0,333.0,58.53051058530511,154.0,111.0,27.92207792207792,350.0,10.0,97.14285714285714,124.0,72.0,41.935483870967744,87.0,101.0,-16.091954022988507,13.0,10.0,23.076923076923077,6.0,5.0,16.666666666666664
081200034,с.Присад,146.0,61.0,58.21917808219178,122.0,8.0,93.44262295081968,1.0,4.0,-300.0,11.0,15.0,-36.36363636363637,3.0,25.0,-733.3333333333333,1.0,2.0,-100.0,0.0,4.0,
Общо,,146.0,61.0,58.21917808219178,122.0,8.0,93.44262295081968,1.0,4.0,-300.0,11.0,15.0,-36.36363636363637,3.0,25.0,-733.3333333333333,1.0,2.0,-100.0,0.0,4.0,
283500080,с.Надарево,212.0,90.0,57.54716981132076,32.0,20.0,37.5,106.0,23.0,78.30188679245283,18.0,11.0,38.88888888888889,22.0,19.0,13.636363636363635,2.0,5.0,-150.0,3.0,4.0,-33.33333333333333
Общо,,212.0,90.0,57.54716981132076,32.0,20.0,37.5,106.0,23.0,78.30188679245283,18.0,11.0,38.88888888888889,22.0,19.0,13.636363636363635,2.0,5.0,-150.0,3.0,4.0,-33.33333333333333
132400009,гр.Костандово,411.0,170.0,58.63746958637469,146.0,22.0,84.93150684931507,163.0,51.0,68.71165644171779,19.0,21.0,-10.526315789473683,24.0,51.0,-112.5,1.0,3.0,-200.0,2.0,5.0,-150.0
132400010,гр.Костандово,472.0,197.0,58.26271186440678,153.0,17.0,88.88888888888889,207.0,68.0,67.14975845410628,16.0,13.0,18.75,27.0,76.0,-181.4814814814815,3.0,6.0,-100.0,2.0,4.0,-100.0
132400011,гр.Костандово,630.0,270.0,57.14285714285714,235.0,36.0,84.68085106382979,238.0,84.0,64.70588235294117,33.0,23.0,30.303030303030305,44.0,88.0,-100.0,9.0,8.0,11.11111111111111,0.0,3.0,
132400012,гр.Костандово,436.0,208.0,52.293577981651374,121.0,21.0,82.64462809917356,186.0,60.0,67.74193548387096,37.0,28.0,24.324324324324326,50.0,71.0,-42.0,3.0,0.0,100.0,0.0,4.0,
Общо,,1949.0,845.0,56.64443304258594,655.0,96.0,85.34351145038168,794.0,263.0,66.87657430730478,105.0,85.0,19.047619047619047,145.0,286.0,-97.24137931034483,16.0,17.0,-6.25,4.0,16.0,-300.0
031600027,с.Величково,219.0,96.0,56.16438356164384,142.0,60.0,57.74647887323944,7.0,4.0,42.857142857142854,26.0,18.0,30.76923076923077,7.0,10.0,-42.857142857142854,1.0,1.0,0.0,1.0,1.0,0.0
Общо,,219.0,96.0,56.16438356164384,142.0,60.0,57.74647887323944,7.0,4.0,42.857142857142854,26.0,18.0,30.76923076923077,7.0,10.0,-42.857142857142854,1.0,1.0,0.0,1.0,1.0,0.0
282400033,с.Зараево,264.0,118.0,55.3030303030303,59.0,21.0,64.40677966101694,110.0,24.0,78.18181818181819,44.0,33.0,25.0,38.0,28.0,26.31578947368421,2.0,6.0,-200.0,0.0,3.0,
Общо,,264.0,118.0,55.3030303030303,59.0,21.0,64.40677966101694,110.0,24.0,78.18181818181819,44.0,33.0,25.0,38.0,28.0,26.31578947368421,2.0,6.0,-200.0,0.0,3.0,
293400119,с.Узунджово,393.0,169.0,56.99745547073791,234.0,39.0,83.33333333333334,41.0,32.0,21.951219512195124,50.0,25.0,50.0,22.0,44.0,-100.0,8.0,13.0,-62.5,1.0,9.0,-800.0
293400120,с.Узунджово,409.0,194.0,52.567237163814184,267.0,48.0,82.02247191011236,7.0,13.0,-85.71428571428571,71.0,59.0,16.901408450704224,35.0,47.0,-34.285714285714285,5.0,10.0,-100.0,1.0,3.0,-200.0
Общо,,802.0,363.0,54.738154613466335,501.0,87.0,82.63473053892216,48.0,45.0,6.25,121.0,84.0,30.57851239669421,57.0,91.0,-59.64912280701754,13.0,23.0,-76.92307692307693,2.0,12.0,-500.0
113800007,с.Брестница,342.0,157.0,54.09356725146199,54.0,34.0,37.03703703703704,199.0,36.0,81.90954773869346,38.0,29.0,23.684210526315788,19.0,35.0,-84.21052631578947,7.0,4.0,42.857142857142854,4.0,11.0,-175.0
Общо,,342.0,157.0,54.09356725146199,54.0,34.0,37.03703703703704,199.0,36.0,81.90954773869346,38.0,29.0,23.684210526315788,19.0,35.0,-84.21052631578947,7.0,4.0,42.857142857142854,4.0,11.0,-175.0
021500027,с.Оризаре,193.0,142.0,26.42487046632124,55.0,26.0,52.72727272727272,1.0,0.0,100.0,9.0,27.0,-200.0,31.0,47.0,-51.61290322580645,20.0,13.0,35.0,5.0,10.0,-100.0
021500028,с.Оризаре,273.0,79.0,71.06227106227107,40.0,5.0,87.5,107.0,6.0,94.39252336448598,42.0,10.0,76.19047619047619,18.0,29.0,-61.111111111111114,5.0,12.0,-140.0,7.0,7.0,0.0
Общо,,466.0,221.0,52.57510729613733,95.0,31.0,67.36842105263158,108.0,6.0,94.44444444444444,51.0,37.0,27.450980392156865,49.0,76.0,-55.10204081632652,25.0,25.0,0.0,12.0,17.0,-41.66666666666667
014200001,с.Боголин,305.0,145.0,52.459016393442624,36.0,35.0,2.7777777777777777,235.0,75.0,68.08510638297872,15.0,19.0,-26.666666666666668,5.0,11.0,-120.0,0.0,1.0,,0.0,3.0,
Общо,,305.0,145.0,52.459016393442624,36.0,35.0,2.7777777777777777,235.0,75.0,68.08510638297872,15.0,19.0,-26.666666666666668,5.0,11.0,-120.0,0.0,1.0,,0.0,3.0,
130800052,с.Чолакова,133.0,64.0,51.8796992481203,119.0,42.0,64.70588235294117,12.0,12.0,0.0,2.0,4.0,-100.0,0.0,2.0,,0.0,1.0,,0.0,1.0,
Общо,,133.0,64.0,51.8796992481203,119.0,42.0,64.70588235294117,12.0,12.0,0.0,2.0,4.0,-100.0,0.0,2.0,,0.0,1.0,,0.0,1.0,
131900154,с.Априлци,163.0,79.0,51.533742331288344,73.0,24.0,67.12328767123287,56.0,0.0,100.0,7.0,15.0,-114.28571428571428,7.0,29.0,-314.2857142857143,3.0,0.0,100.0,1.0,3.0,-200.0
Общо,,163.0,79.0,51.533742331288344,73.0,24.0,67.12328767123287,56.0,0.0,100.0,7.0,15.0,-114.28571428571428,7.0,29.0,-314.2857142857143,3.0,0.0,100.0,1.0,3.0,-200.0
020800016,с.Свобода,123.0,60.0,51.21951219512195,49.0,13.0,73.46938775510205,20.0,4.0,80.0,16.0,11.0,31.25,10.0,17.0,-70.0,9.0,6.0,33.33333333333333,3.0,1.0,66.66666666666666
Общо,,123.0,60.0,51.21951219512195,49.0,13.0,73.46938775510205,20.0,4.0,80.0,16.0,11.0,31.25,10.0,17.0,-70.0,9.0,6.0,33.33333333333333,3.0,1.0,66.66666666666666
113600005,с.Катунец,168.0,82.0,51.19047619047619,34.0,19.0,44.11764705882353,101.0,11.0,89.10891089108911,12.0,23.0,-91.66666666666666,12.0,13.0,-8.333333333333332,2.0,6.0,-200.0,0.0,0.0,
Общо,,168.0,82.0,51.19047619047619,34.0,19.0,44.11764705882353,101.0,11.0,89.10891089108911,12.0,23.0,-91.66666666666666,12.0,13.0,-8.333333333333332,2.0,6.0,-200.0,0.0,0.0,
014900003,с.Микрево,212.0,150.0,29.245283018867923,79.0,46.0,41.77215189873418,0.0,0.0,,23.0,19.0,17.391304347826086,40.0,48.0,-20.0,11.0,8.0,27.27272727272727,5.0,4.0,20.0
014900004,с.Микрево,176.0,139.0,21.022727272727273,82.0,41.0,50.0,1.0,1.0,0.0,30.0,33.0,-10.0,18.0,30.0,-66.66666666666666,7.0,9.0,-28.57142857142857,2.0,5.0,-150.0
014900005,с.Микрево,288.0,83.0,71.18055555555556,206.0,25.0,87.86407766990291,0.0,0.0,,22.0,12.0,45.45454545454545,11.0,20.0,-81.81818181818183,9.0,10.0,-11.11111111111111,1.0,4.0,-300.0
014900006,с.Микрево,312.0,112.0,64.1025641025641,240.0,44.0,81.66666666666667,1.0,0.0,100.0,23.0,17.0,26.08695652173913,14.0,18.0,-28.57142857142857,11.0,13.0,-18.181818181818183,3.0,1.0,66.66666666666666
Общо,,988.0,484.0,51.012145748987855,607.0,156.0,74.2998352553542,2.0,1.0,50.0,98.0,81.0,17.346938775510203,83.0,116.0,-39.75903614457831,38.0,40.0,-5.263157894736842,11.0,14.0,-27.27272727272727
020900029,с.Екзарх Антимово,105.0,34.0,67.61904761904762,58.0,7.0,87.93103448275862,1.0,0.0,100.0,11.0,10.0,9.090909090909092,9.0,10.0,-11.11111111111111,0.0,3.0,,0.0,2.0,
020900030,с.Екзарх Антимово,143.0,88.0,38.46153846153847,60.0,20.0,66.66666666666666,0.0,1.0,,34.0,30.0,11.76470588235294,15.0,15.0,0.0,3.0,4.0,-33.33333333333333,1.0,7.0,-600.0
Общо,,248.0,122.0,50.806451612903224,118.0,27.0,77.11864406779661,1.0,1.0,0.0,45.0,40.0,11.11111111111111,24.0,25.0,-4.166666666666666,3.0,7.0,-133.33333333333331,1.0,9.0,-800.0
131900165,с.Драгор,267.0,172.0,35.580524344569284,92.0,45.0,51.08695652173913,4.0,1.0,75.0,40.0,25.0,37.5,72.0,65.0,9.722222222222223,10.0,8.0,20.0,12.0,11.0,8.333333333333332
131900205,с.Драгор,239.0,77.0,67.78242677824268,19.0,9.0,52.63157894736842,162.0,1.0,99.38271604938271,24.0,33.0,-37.5,9.0,26.0,-188.88888888888889,1.0,3.0,-200.0,1.0,1.0,0.0
Общо,,506.0,249.0,50.790513833992094,111.0,54.0,51.35135135135135,166.0,2.0,98.79518072289156,64.0,58.0,9.375,81.0,91.0,-12.345679012345679,11.0,11.0,0.0,13.0,12.0,7.6923076923076925
132900027,с.Семчиново,416.0,314.0,24.519230769230766,92.0,79.0,14.130434782608695,30.0,3.0,90.0,111.0,69.0,37.83783783783784,87.0,110.0,-26.436781609195403,18.0,8.0,55.55555555555556,12.0,10.0,16.666666666666664
132900028,с.Семчиново,534.0,155.0,70.97378277153558,6.0,3.0,50.0,436.0,93.0,78.6697247706422,41.0,33.0,19.51219512195122,30.0,19.0,36.666666666666664,3.0,4.0,-33.33333333333333,0.0,0.0,
Общо,,950.0,469.0,50.63157894736842,98.0,82.0,16.3265306122449,466.0,96.0,79.39914163090128,152.0,102.0,32.89473684210527,117.0,129.0,-10.256410256410255,21.0,12.0,42.857142857142854,12.0,10.0,16.666666666666664
283500055,с.Буйново,192.0,96.0,50.0,16.0,9.0,43.75,129.0,47.0,63.565891472868216,35.0,26.0,25.71428571428571,1.0,3.0,-200.0,3.0,4.0,-33.33333333333333,0.0,1.0,
Общо,,192.0,96.0,50.0,16.0,9.0,43.75,129.0,47.0,63.565891472868216,35.0,26.0,25.71428571428571,1.0,3.0,-200.0,3.0,4.0,-33.33333333333333,0.0,1.0,
270400010,с.Оризово,247.0,157.0,36.43724696356275,55.0,48.0,12.727272727272727,71.0,12.0,83.09859154929578,60.0,42.0,30.0,22.0,26.0,-18.181818181818183,4.0,11.0,-175.0,4.0,5.0,-25.0
270400011,,,124.0,,,25.0,,,50.0,,,19.0,,,16.0,,,1.0,,,0.0,
270400025,с.Оризово,309.0,,,31.0,,,236.0,,,15.0,,,8.0,,,2.0,,,0.0,,
Общо,,556.0,281.0,49.460431654676256,86.0,73.0,15.11627906976744,307.0,62.0,79.80456026058633,75.0,61.0,18.666666666666668,30.0,42.0,-40.0,6.0,12.0,-100.0,4.0,5.0,-25.0
081500031,с.Ловчанци,221.0,112.0,49.321266968325794,10.0,11.0,-10.0,102.0,8.0,92.15686274509804,65.0,68.0,-4.615384615384616,15.0,8.0,46.666666666666664,7.0,9.0,-28.57142857142857,5.0,4.0,20.0
Общо,,221.0,112.0,49.321266968325794,10.0,11.0,-10.0,102.0,8.0,92.15686274509804,65.0,68.0,-4.615384615384616,15.0,8.0,46.666666666666664,7.0,9.0,-28.57142857142857,5.0,4.0,20.0
113300008,с.Глогово,407.0,253.0,37.83783783783784,162.0,81.0,50.0,166.0,52.0,68.67469879518072,25.0,28.0,-12.0,24.0,45.0,-87.5,6.0,26.0,-333.33333333333337,7.0,7.0,0.0
113300009,с.Глогово,490.0,203.0,58.57142857142858,129.0,39.0,69.76744186046511,237.0,62.0,73.83966244725738,49.0,30.0,38.775510204081634,5.0,39.0,-680.0,1.0,4.0,-300.0,5.0,6.0,-20.0
Общо,,897.0,456.0,49.163879598662206,291.0,120.0,58.76288659793815,403.0,114.0,71.712158808933,74.0,58.0,21.62162162162162,29.0,84.0,-189.6551724137931,7.0,30.0,-328.57142857142856,12.0,13.0,-8.333333333333332
015200007,с.Беслен,219.0,112.0,48.858447488584474,97.0,30.0,69.0721649484536,72.0,28.0,61.111111111111114,12.0,16.0,-33.33333333333333,17.0,27.0,-58.82352941176471,1.0,3.0,-200.0,1.0,2.0,-100.0
Общо,,219.0,112.0,48.858447488584474,97.0,30.0,69.0721649484536,72.0,28.0,61.111111111111114,12.0,16.0,-33.33333333333333,17.0,27.0,-58.82352941176471,1.0,3.0,-200.0,1.0,2.0,-100.0
212000174,с.Тополчане,301.0,81.0,73.08970099667775,141.0,16.0,88.65248226950354,120.0,19.0,84.16666666666667,20.0,14.0,30.0,5.0,6.0,-20.0,3.0,5.0,-66.66666666666666,2.0,5.0,-150.0
212000175,с.Тополчане,290.0,157.0,45.86206896551724,132.0,32.0,75.75757575757575,44.0,12.0,72.72727272727273,36.0,29.0,19.444444444444446,28.0,55.0,-96.42857142857143,17.0,1.0,94.11764705882352,7.0,7.0,0.0
212000176,с.Тополчане,331.0,238.0,28.09667673716012,127.0,91.0,28.346456692913385,21.0,3.0,85.71428571428571,62.0,23.0,62.903225806451616,51.0,54.0,-5.88235294117647,22.0,13.0,40.909090909090914,4.0,9.0,-125.0
Общо,,922.0,476.0,48.37310195227766,400.0,139.0,65.25,185.0,34.0,81.62162162162161,118.0,66.0,44.06779661016949,84.0,115.0,-36.904761904761905,42.0,19.0,54.761904761904766,13.0,21.0,-61.53846153846154
272200011,с.Зимница,422.0,218.0,48.34123222748815,181.0,125.0,30.939226519337016,141.0,19.0,86.52482269503547,32.0,15.0,53.125,30.0,22.0,26.666666666666668,9.0,10.0,-11.11111111111111,1.0,5.0,-400.0
Общо,,422.0,218.0,48.34123222748815,181.0,125.0,30.939226519337016,141.0,19.0,86.52482269503547,32.0,15.0,53.125,30.0,22.0,26.666666666666668,9.0,10.0,-11.11111111111111,1.0,5.0,-400.0
031300022,с.Детелина,298.0,154.0,48.322147651006716,88.0,64.0,27.27272727272727,152.0,37.0,75.6578947368421,22.0,16.0,27.27272727272727,9.0,20.0,-122.22222222222223,5.0,6.0,-20.0,3.0,2.0,33.33333333333333
Общо,,298.0,154.0,48.322147651006716,88.0,64.0,27.27272727272727,152.0,37.0,75.6578947368421,22.0,16.0,27.27272727272727,9.0,20.0,-122.22222222222223,5.0,6.0,-20.0,3.0,2.0,33.33333333333333
212000127,с.Сотиря,221.0,156.0,29.411764705882355,89.0,32.0,64.04494382022472,8.0,2.0,75.0,39.0,32.0,17.94871794871795,35.0,58.0,-65.71428571428571,4.0,5.0,-25.0,9.0,9.0,0.0
212000128,с.Сотиря,138.0,30.0,78.26086956521739,96.0,12.0,87.5,10.0,1.0,90.0,13.0,4.0,69.23076923076923,5.0,8.0,-60.0,0.0,2.0,,0.0,0.0,
Общо,,359.0,186.0,48.18941504178273,185.0,44.0,76.21621621621621,18.0,3.0,83.33333333333334,52.0,36.0,30.76923076923077,40.0,66.0,-65.0,4.0,7.0,-75.0,9.0,9.0,0.0
170100068,с.Боянци,184.0,124.0,32.608695652173914,53.0,42.0,20.754716981132077,4.0,1.0,75.0,64.0,36.0,43.75,30.0,21.0,30.0,10.0,12.0,-20.0,1.0,6.0,-500.0
170100090,с.Боянци,170.0,60.0,64.70588235294117,18.0,7.0,61.111111111111114,0.0,1.0,,77.0,30.0,61.038961038961034,13.0,8.0,38.46153846153847,4.0,7.0,-75.0,1.0,0.0,100.0
Общо,,354.0,184.0,48.0225988700565,71.0,49.0,30.985915492957744,4.0,2.0,50.0,141.0,66.0,53.191489361702125,43.0,29.0,32.55813953488372,14.0,19.0,-35.714285714285715,2.0,6.0,-200.0
062100013,с.Лесура,342.0,178.0,47.953216374269005,226.0,53.0,76.54867256637168,0.0,1.0,,43.0,52.0,-20.930232558139537,14.0,40.0,-185.71428571428572,7.0,13.0,-85.71428571428571,0.0,7.0,
Общо,,342.0,178.0,47.953216374269005,226.0,53.0,76.54867256637168,0.0,1.0,,43.0,52.0,-20.930232558139537,14.0,40.0,-185.71428571428572,7.0,13.0,-85.71428571428571,0.0,7.0,
133900005,с.Медени поляни,330.0,222.0,32.72727272727273,80.0,32.0,60.0,233.0,178.0,23.605150214592275,4.0,3.0,25.0,5.0,4.0,20.0,1.0,0.0,100.0,0.0,0.0,
133900007,с.Медени поляни,95.0,,,0.0,,,95.0,,,0.0,,,0.0,,,0.0,,,0.0,,
Общо,,425.0,222.0,47.76470588235294,80.0,32.0,60.0,328.0,178.0,45.73170731707317,4.0,3.0,25.0,5.0,4.0,20.0,1.0,0.0,100.0,0.0,0.0,
111900018,с.Торос,367.0,178.0,51.49863760217984,218.0,94.0,56.88073394495413,48.0,7.0,85.41666666666666,33.0,21.0,36.36363636363637,38.0,35.0,7.894736842105263,8.0,5.0,37.5,4.0,4.0,0.0
111900019,с.Торос,364.0,204.0,43.956043956043956,201.0,84.0,58.2089552238806,39.0,18.0,53.84615384615385,39.0,25.0,35.8974358974359,59.0,60.0,-1.694915254237288,4.0,7.0,-75.0,6.0,5.0,16.666666666666664
Общо,,731.0,382.0,47.74281805745554,419.0,178.0,57.51789976133651,87.0,25.0,71.26436781609196,72.0,46.0,36.11111111111111,97.0,95.0,2.0618556701030926,12.0,12.0,0.0,10.0,9.0,10.0
011100030,с.Господинци,197.0,103.0,47.71573604060914,119.0,18.0,84.87394957983193,41.0,49.0,-19.51219512195122,18.0,17.0,5.555555555555555,12.0,13.0,-8.333333333333332,0.0,3.0,,0.0,1.0,
Общо,,197.0,103.0,47.71573604060914,119.0,18.0,84.87394957983193,41.0,49.0,-19.51219512195122,18.0,17.0,5.555555555555555,12.0,13.0,-8.333333333333332,0.0,3.0,,0.0,1.0,
113300005,с.Галата,638.0,354.0,44.5141065830721,269.0,49.0,81.78438661710037,303.0,230.0,24.09240924092409,12.0,26.0,-116.66666666666667,9.0,28.0,-211.11111111111111,3.0,2.0,33.33333333333333,9.0,13.0,-44.44444444444444
113300006,с.Галата,482.0,235.0,51.244813278008294,150.0,28.0,81.33333333333333,281.0,136.0,51.60142348754449,11.0,19.0,-72.72727272727273,12.0,27.0,-125.0,0.0,2.0,,6.0,9.0,-50.0
113300007,с.Галата,409.0,212.0,48.16625916870416,191.0,48.0,74.86910994764398,178.0,89.0,50.0,12.0,19.0,-58.333333333333336,6.0,32.0,-433.3333333333333,0.0,1.0,,12.0,14.0,-16.666666666666664
Общо,,1529.0,801.0,47.61281883584042,610.0,125.0,79.50819672131148,762.0,455.0,40.28871391076115,35.0,64.0,-82.85714285714286,27.0,87.0,-222.22222222222223,3.0,5.0,-66.66666666666666,27.0,36.0,-33.33333333333333
111900023,с.Ъглен,347.0,182.0,47.55043227665706,211.0,61.0,71.09004739336493,49.0,10.0,79.59183673469387,36.0,40.0,-11.11111111111111,20.0,33.0,-65.0,6.0,6.0,0.0,8.0,18.0,-125.0
Общо,,347.0,182.0,47.55043227665706,211.0,61.0,71.09004739336493,49.0,10.0,79.59183673469387,36.0,40.0,-11.11111111111111,20.0,33.0,-65.0,6.0,6.0,0.0,8.0,18.0,-125.0
120400009,с.Охрид,200.0,105.0,47.5,60.0,30.0,50.0,28.0,5.0,82.14285714285714,13.0,17.0,-30.76923076923077,12.0,31.0,-158.33333333333331,4.0,3.0,25.0,2.0,4.0,-100.0
Общо,,200.0,105.0,47.5,60.0,30.0,50.0,28.0,5.0,82.14285714285714,13.0,17.0,-30.76923076923077,12.0,31.0,-158.33333333333331,4.0,3.0,25.0,2.0,4.0,-100.0
132900021,с.Злокучене,382.0,202.0,47.12041884816754,28.0,16.0,42.857142857142854,242.0,98.0,59.50413223140496,39.0,31.0,20.51282051282051,29.0,33.0,-13.793103448275861,8.0,3.0,62.5,0.0,1.0,
Общо,,382.0,202.0,47.12041884816754,28.0,16.0,42.857142857142854,242.0,98.0,59.50413223140496,39.0,31.0,20.51282051282051,29.0,33.0,-13.793103448275861,8.0,3.0,62.5,0.0,1.0,
072900041,с.Добромирка,202.0,107.0,47.02970297029702,103.0,28.0,72.81553398058253,6.0,13.0,-116.66666666666667,27.0,16.0,40.74074074074074,35.0,30.0,14.285714285714285,9.0,5.0,44.44444444444444,1.0,0.0,100.0
Общо,,202.0,107.0,47.02970297029702,103.0,28.0,72.81553398058253,6.0,13.0,-116.66666666666667,27.0,16.0,40.74074074074074,35.0,30.0,14.285714285714285,9.0,5.0,44.44444444444444,1.0,0.0,100.0
122400045,с.Ковачица,269.0,135.0,49.814126394052046,180.0,57.0,68.33333333333333,14.0,12.0,14.285714285714285,30.0,12.0,60.0,20.0,36.0,-80.0,4.0,8.0,-100.0,0.0,1.0,
122400046,с.Ковачица,265.0,148.0,44.15094339622642,160.0,56.0,65.0,15.0,14.0,6.666666666666667,28.0,26.0,7.142857142857142,22.0,37.0,-68.18181818181817,2.0,8.0,-300.0,0.0,3.0,
Общо,,534.0,283.0,47.00374531835206,340.0,113.0,66.76470588235294,29.0,26.0,10.344827586206897,58.0,38.0,34.48275862068966,42.0,73.0,-73.80952380952381,6.0,16.0,-166.66666666666669,0.0,4.0,
130600011,с.Исперихово,266.0,208.0,21.804511278195488,102.0,78.0,23.52941176470588,1.0,0.0,100.0,50.0,35.0,30.0,62.0,63.0,-1.6129032258064515,17.0,9.0,47.05882352941176,4.0,5.0,-25.0
130600012,с.Исперихово,181.0,35.0,80.66298342541437,54.0,9.0,83.33333333333334,81.0,7.0,91.35802469135803,28.0,7.0,75.0,6.0,9.0,-50.0,3.0,1.0,66.66666666666666,1.0,0.0,100.0
130600013,с.Исперихово,192.0,97.0,49.47916666666667,77.0,24.0,68.83116883116884,33.0,1.0,96.96969696969697,29.0,16.0,44.827586206896555,28.0,34.0,-21.428571428571427,5.0,6.0,-20.0,4.0,9.0,-125.0
Общо,,639.0,340.0,46.79186228482003,233.0,111.0,52.36051502145923,115.0,8.0,93.04347826086956,107.0,58.0,45.794392523364486,96.0,106.0,-10.416666666666668,25.0,16.0,36.0,9.0,14.0,-55.55555555555556
223800013,с.Забърдо,240.0,128.0,46.666666666666664,30.0,12.0,60.0,17.0,11.0,35.294117647058826,17.0,21.0,-23.52941176470588,13.0,24.0,-84.61538461538461,7.0,13.0,-85.71428571428571,1.0,3.0,-200.0
Общо,,240.0,128.0,46.666666666666664,30.0,12.0,60.0,17.0,11.0,35.294117647058826,17.0,21.0,-23.52941176470588,13.0,24.0,-84.61538461538461,7.0,13.0,-85.71428571428571,1.0,3.0,-200.0
123800007,с.Долно Церовене,357.0,192.0,46.21848739495798,238.0,27.0,88.65546218487394,51.0,86.0,-68.62745098039215,31.0,38.0,-22.58064516129032,17.0,28.0,-64.70588235294117,10.0,8.0,20.0,0.0,2.0,
Общо,,357.0,192.0,46.21848739495798,238.0,27.0,88.65546218487394,51.0,86.0,-68.62745098039215,31.0,38.0,-22.58064516129032,17.0,28.0,-64.70588235294117,10.0,8.0,20.0,0.0,2.0,
273700007,с.Пчелиново,39.0,21.0,46.15384615384615,1.0,1.0,0.0,30.0,6.0,80.0,1.0,4.0,-300.0,0.0,5.0,,2.0,2.0,0.0,0.0,2.0,
Общо,,39.0,21.0,46.15384615384615,1.0,1.0,0.0,30.0,6.0,80.0,1.0,4.0,-300.0,0.0,5.0,,2.0,2.0,0.0,0.0,2.0,
270400005,с.Черна гора,134.0,62.0,53.73134328358209,24.0,18.0,25.0,54.0,19.0,64.81481481481481,28.0,9.0,67.85714285714286,8.0,9.0,-12.5,3.0,3.0,0.0,3.0,2.0,33.33333333333333
270400006,с.Черна гора,163.0,98.0,39.87730061349693,45.0,26.0,42.22222222222222,36.0,16.0,55.55555555555556,44.0,30.0,31.818181818181817,10.0,16.0,-60.0,2.0,0.0,100.0,4.0,2.0,50.0
Общо,,297.0,160.0,46.12794612794613,69.0,44.0,36.231884057971016,90.0,35.0,61.111111111111114,72.0,39.0,45.83333333333333,18.0,25.0,-38.88888888888889,5.0,3.0,40.0,7.0,4.0,42.857142857142854
171300063,с.Певците,189.0,102.0,46.03174603174603,39.0,24.0,38.46153846153847,2.0,0.0,100.0,36.0,28.0,22.22222222222222,12.0,24.0,-100.0,4.0,16.0,-300.0,0.0,2.0,
Общо,,189.0,102.0,46.03174603174603,39.0,24.0,38.46153846153847,2.0,0.0,100.0,36.0,28.0,22.22222222222222,12.0,24.0,-100.0,4.0,16.0,-300.0,0.0,2.0,
113800011,с.Златна Панега,357.0,193.0,45.938375350140056,61.0,72.0,-18.0327868852459,181.0,35.0,80.66298342541437,31.0,26.0,16.129032258064516,55.0,40.0,27.27272727272727,8.0,7.0,12.5,2.0,3.0,-50.0
Общо,,357.0,193.0,45.938375350140056,61.0,72.0,-18.0327868852459,181.0,35.0,80.66298342541437,31.0,26.0,16.129032258064516,55.0,40.0,27.27272727272727,8.0,7.0,12.5,2.0,3.0,-50.0
030900013,с.Добротич,144.0,78.0,45.83333333333333,65.0,28.0,56.92307692307692,26.0,6.0,76.92307692307693,12.0,18.0,-50.0,3.0,18.0,-500.0,1.0,2.0,-100.0,2.0,2.0,0.0
Общо,,144.0,78.0,45.83333333333333,65.0,28.0,56.92307692307692,26.0,6.0,76.92307692307693,12.0,18.0,-50.0,3.0,18.0,-500.0,1.0,2.0,-100.0,2.0,2.0,0.0
062100015,с.Пудрия,330.0,179.0,45.75757575757576,226.0,55.0,75.66371681415929,6.0,1.0,83.33333333333334,45.0,46.0,-2.2222222222222223,17.0,46.0,-170.58823529411765,7.0,11.0,-57.14285714285714,1.0,4.0,-300.0
Общо,,330.0,179.0,45.75757575757576,226.0,55.0,75.66371681415929,6.0,1.0,83.33333333333334,45.0,46.0,-2.2222222222222223,17.0,46.0,-170.58823529411765,7.0,11.0,-57.14285714285714,1.0,4.0,-300.0
212000182,с.Горно Александрово,158.0,86.0,45.56962025316456,59.0,12.0,79.66101694915254,28.0,5.0,82.14285714285714,27.0,12.0,55.55555555555556,21.0,22.0,-4.761904761904762,1.0,11.0,-1000.0,1.0,6.0,-500.0
Общо,,158.0,86.0,45.56962025316456,59.0,12.0,79.66101694915254,28.0,5.0,82.14285714285714,27.0,12.0,55.55555555555556,21.0,22.0,-4.761904761904762,1.0,11.0,-1000.0,1.0,6.0,-500.0
312500046,с.Хаджидимитрово,233.0,127.0,45.493562231759654,96.0,25.0,73.95833333333334,8.0,9.0,-12.5,18.0,24.0,-33.33333333333333,29.0,24.0,17.24137931034483,62.0,37.0,40.32258064516129,1.0,2.0,-100.0
Общо,,233.0,127.0,45.493562231759654,96.0,25.0,73.95833333333334,8.0,9.0,-12.5,18.0,24.0,-33.33333333333333,29.0,24.0,17.24137931034483,62.0,37.0,40.32258064516129,1.0,2.0,-100.0
272200012,с.Тулово,210.0,60.0,71.42857142857143,105.0,28.0,73.33333333333333,81.0,9.0,88.88888888888889,5.0,5.0,0.0,9.0,8.0,11.11111111111111,0.0,1.0,,0.0,1.0,
272200013,с.Тулово,314.0,226.0,28.02547770700637,98.0,77.0,21.428571428571427,25.0,9.0,64.0,72.0,50.0,30.555555555555557,61.0,48.0,21.311475409836063,13.0,11.0,15.384615384615385,14.0,13.0,7.142857142857142
Общо,,524.0,286.0,45.41984732824427,203.0,105.0,48.275862068965516,106.0,18.0,83.01886792452831,77.0,55.0,28.57142857142857,70.0,56.0,20.0,13.0,12.0,7.6923076923076925,14.0,14.0,0.0
270400004,с.Партизанин,172.0,94.0,45.348837209302324,43.0,31.0,27.906976744186046,52.0,10.0,80.76923076923077,42.0,30.0,28.57142857142857,13.0,10.0,23.076923076923077,1.0,2.0,-100.0,3.0,3.0,0.0
Общо,,172.0,94.0,45.348837209302324,43.0,31.0,27.906976744186046,52.0,10.0,80.76923076923077,42.0,30.0,28.57142857142857,13.0,10.0,23.076923076923077,1.0,2.0,-100.0,3.0,3.0,0.0
042200044,с.Стамболово,225.0,123.0,45.33333333333333,37.0,24.0,35.13513513513514,21.0,12.0,42.857142857142854,58.0,37.0,36.206896551724135,26.0,23.0,11.538461538461538,5.0,11.0,-120.0,5.0,3.0,40.0
Общо,,225.0,123.0,45.33333333333333,37.0,24.0,35.13513513513514,21.0,12.0,42.857142857142854,58.0,37.0,36.206896551724135,26.0,23.0,11.538461538461538,5.0,11.0,-120.0,5.0,3.0,40.0
270700019,с.Мъдрец,339.0,186.0,45.13274336283185,26.0,22.0,15.384615384615385,207.0,48.0,76.81159420289855,60.0,51.0,15.0,12.0,32.0,-166.66666666666669,6.0,10.0,-66.66666666666666,5.0,7.0,-40.0
Общо,,339.0,186.0,45.13274336283185,26.0,22.0,15.384615384615385,207.0,48.0,76.81159420289855,60.0,51.0,15.0,12.0,32.0,-166.66666666666669,6.0,10.0,-66.66666666666666,5.0,7.0,-40.0
082700029,с.Попгруево,209.0,115.0,44.97607655502392,149.0,31.0,79.19463087248322,38.0,55.0,-44.73684210526316,8.0,10.0,-25.0,3.0,5.0,-66.66666666666666,0.0,3.0,,0.0,9.0,
Общо,,209.0,115.0,44.97607655502392,149.0,31.0,79.19463087248322,38.0,55.0,-44.73684210526316,8.0,10.0,-25.0,3.0,5.0,-66.66666666666666,0.0,3.0,,0.0,9.0,
260700036,с.Литаково,340.0,190.0,44.11764705882353,139.0,51.0,63.30935251798561,5.0,10.0,-100.0,85.0,53.0,37.64705882352941,57.0,46.0,19.298245614035086,2.0,3.0,-50.0,6.0,9.0,-50.0
260700037,с.Литаково,290.0,159.0,45.17241379310345,156.0,45.0,71.15384615384616,3.0,12.0,-300.0,61.0,47.0,22.950819672131146,41.0,43.0,-4.878048780487805,8.0,4.0,50.0,4.0,1.0,75.0
Общо,,630.0,349.0,44.60317460317461,295.0,96.0,67.45762711864407,8.0,22.0,-175.0,146.0,100.0,31.506849315068493,98.0,89.0,9.183673469387756,10.0,7.0,30.0,10.0,10.0,0.0
111900013,с.Румянцево,427.0,237.0,44.49648711943794,14.0,11.0,21.428571428571427,326.0,130.0,60.122699386503065,26.0,40.0,-53.84615384615385,39.0,36.0,7.6923076923076925,4.0,5.0,-25.0,6.0,6.0,0.0
Общо,,427.0,237.0,44.49648711943794,14.0,11.0,21.428571428571427,326.0,130.0,60.122699386503065,26.0,40.0,-53.84615384615385,39.0,36.0,7.6923076923076925,4.0,5.0,-25.0,6.0,6.0,0.0
053300009,с.Бело поле,254.0,141.0,44.48818897637795,62.0,39.0,37.096774193548384,102.0,20.0,80.3921568627451,30.0,26.0,13.333333333333334,30.0,41.0,-36.666666666666664,4.0,3.0,25.0,2.0,5.0,-150.0
Общо,,254.0,141.0,44.48818897637795,62.0,39.0,37.096774193548384,102.0,20.0,80.3921568627451,30.0,26.0,13.333333333333334,30.0,41.0,-36.666666666666664,4.0,3.0,25.0,2.0,5.0,-150.0
151600020,с.Варана,9.0,5.0,44.44444444444444,1.0,2.0,-100.0,0.0,0.0,,6.0,2.0,66.66666666666666,0.0,1.0,,0.0,0.0,,0.0,0.0,
Общо,,9.0,5.0,44.44444444444444,1.0,2.0,-100.0,0.0,0.0,,6.0,2.0,66.66666666666666,0.0,1.0,,0.0,0.0,,0.0,0.0,
292800035,с.Левка,233.0,130.0,44.20600858369099,167.0,32.0,80.83832335329342,0.0,1.0,,34.0,37.0,-8.823529411764707,9.0,33.0,-266.66666666666663,2.0,5.0,-150.0,6.0,11.0,-83.33333333333334
Общо,,233.0,130.0,44.20600858369099,167.0,32.0,80.83832335329342,0.0,1.0,,34.0,37.0,-8.823529411764707,9.0,33.0,-266.66666666666663,2.0,5.0,-150.0,6.0,11.0,-83.33333333333334
122400036,с.Замфир,254.0,141.0,44.48818897637795,136.0,47.0,65.44117647058823,13.0,13.0,0.0,33.0,27.0,18.181818181818183,22.0,31.0,-40.909090909090914,3.0,6.0,-100.0,4.0,9.0,-125.0
122400037,с.Замфир,156.0,88.0,43.58974358974359,78.0,26.0,66.66666666666666,10.0,4.0,60.0,35.0,25.0,28.57142857142857,12.0,17.0,-41.66666666666667,1.0,2.0,-100.0,0.0,10.0,
Общо,,410.0,229.0,44.146341463414636,214.0,73.0,65.88785046728972,23.0,17.0,26.08695652173913,68.0,52.0,23.52941176470588,34.0,48.0,-41.17647058823529,4.0,8.0,-100.0,4.0,19.0,-375.0
132400001,гр.Ракитово,361.0,249.0,31.024930747922436,144.0,82.0,43.05555555555556,14.0,6.0,57.14285714285714,56.0,44.0,21.428571428571427,53.0,48.0,9.433962264150944,17.0,9.0,47.05882352941176,13.0,16.0,-23.076923076923077
132400002,гр.Ракитово,375.0,259.0,30.933333333333334,109.0,54.0,50.45871559633027,25.0,9.0,64.0,78.0,67.0,14.102564102564102,55.0,69.0,-25.454545454545453,0.0,6.0,,13.0,15.0,-15.384615384615385
132400003,гр.Ракитово,371.0,261.0,29.649595687331537,153.0,48.0,68.62745098039215,32.0,9.0,71.875,58.0,65.0,-12.068965517241379,42.0,67.0,-59.523809523809526,8.0,15.0,-87.5,8.0,8.0,0.0
132400004,гр.Ракитово,327.0,213.0,34.862385321100916,128.0,49.0,61.71875,17.0,10.0,41.17647058823529,49.0,49.0,0.0,58.0,64.0,-10.344827586206897,17.0,9.0,47.05882352941176,6.0,4.0,33.33333333333333
132400005,гр.Ракитово,329.0,187.0,43.161094224924014,80.0,32.0,60.0,163.0,73.0,55.21472392638037,25.0,29.0,-16.0,32.0,30.0,6.25,2.0,3.0,-50.0,0.0,4.0,
132400006,гр.Ракитово,467.0,221.0,52.67665952890792,134.0,45.0,66.4179104477612,184.0,55.0,70.1086956521739,59.0,47.0,20.33898305084746,40.0,50.0,-25.0,6.0,5.0,16.666666666666664,5.0,2.0,60.0
132400007,гр.Ракитово,302.0,107.0,64.56953642384106,43.0,5.0,88.37209302325581,137.0,2.0,98.54014598540147,63.0,69.0,-9.523809523809524,25.0,17.0,32.0,1.0,1.0,0.0,2.0,4.0,-100.0
132400008,гр.Ракитово,330.0,92.0,72.12121212121212,57.0,9.0,84.21052631578947,200.0,2.0,99.0,30.0,47.0,-56.666666666666664,27.0,24.0,11.11111111111111,2.0,0.0,100.0,2.0,5.0,-150.0
132400016,гр.Ракитово,213.0,117.0,45.07042253521127,39.0,28.0,28.205128205128204,89.0,10.0,88.76404494382022,32.0,46.0,-43.75,15.0,12.0,20.0,1.0,3.0,-200.0,1.0,3.0,-200.0
132400017,,,16.0,,,0.0,,,10.0,,,6.0,,,0.0,,,0.0,,,0.0,
Общо,,3075.0,1722.0,44.0,887.0,352.0,60.31567080045096,861.0,186.0,78.397212543554,450.0,469.0,-4.222222222222222,347.0,381.0,-9.798270893371757,54.0,51.0,5.555555555555555,50.0,61.0,-22.0
081700027,с.Селце,50.0,28.0,44.0,34.0,12.0,64.70588235294117,1.0,1.0,0.0,6.0,6.0,0.0,2.0,3.0,-50.0,1.0,1.0,0.0,1.0,2.0,-100.0
Общо,,50.0,28.0,44.0,34.0,12.0,64.70588235294117,1.0,1.0,0.0,6.0,6.0,0.0,2.0,3.0,-50.0,1.0,1.0,0.0,1.0,2.0,-100.0
292800036,с.Студена,266.0,149.0,43.984962406015036,164.0,32.0,80.48780487804879,10.0,9.0,10.0,47.0,41.0,12.76595744680851,12.0,36.0,-200.0,5.0,6.0,-20.0,1.0,10.0,-900.0
Общо,,266.0,149.0,43.984962406015036,164.0,32.0,80.48780487804879,10.0,9.0,10.0,47.0,41.0,12.76595744680851,12.0,36.0,-200.0,5.0,6.0,-20.0,1.0,10.0,-900.0
113300016,с.Градежница,381.0,214.0,43.832020997375324,149.0,47.0,68.45637583892618,146.0,63.0,56.849315068493155,23.0,9.0,60.86956521739131,27.0,71.0,-162.96296296296296,5.0,3.0,40.0,8.0,17.0,-112.5
113300017,с.Градежница,575.0,322.0,44.0,231.0,57.0,75.32467532467533,153.0,45.0,70.58823529411765,77.0,60.0,22.07792207792208,59.0,110.0,-86.4406779661017,6.0,10.0,-66.66666666666666,7.0,18.0,-157.14285714285714
Общо,,956.0,536.0,43.93305439330544,380.0,104.0,72.63157894736842,299.0,108.0,63.87959866220736,100.0,69.0,31.0,86.0,181.0,-110.46511627906976,11.0,13.0,-18.181818181818183,15.0,35.0,-133.33333333333331
273100150,с.Братя Кунчеви,246.0,138.0,43.90243902439025,38.0,56.0,-47.368421052631575,81.0,4.0,95.06172839506173,24.0,28.0,-16.666666666666664,21.0,23.0,-9.523809523809524,13.0,6.0,53.84615384615385,2.0,3.0,-50.0
Общо,,246.0,138.0,43.90243902439025,38.0,56.0,-47.368421052631575,81.0,4.0,95.06172839506173,24.0,28.0,-16.666666666666664,21.0,23.0,-9.523809523809524,13.0,6.0,53.84615384615385,2.0,3.0,-50.0
262000019,с.Живково,244.0,137.0,43.85245901639344,115.0,53.0,53.91304347826087,2.0,1.0,50.0,36.0,28.0,22.22222222222222,46.0,29.0,36.95652173913043,2.0,7.0,-250.0,3.0,6.0,-100.0
Общо,,244.0,137.0,43.85245901639344,115.0,53.0,53.91304347826087,2.0,1.0,50.0,36.0,28.0,22.22222222222222,46.0,29.0,36.95652173913043,2.0,7.0,-250.0,3.0,6.0,-100.0
291100012,с.Попско,32.0,18.0,43.75,9.0,2.0,77.77777777777779,6.0,5.0,16.666666666666664,11.0,5.0,54.54545454545454,1.0,4.0,-300.0,3.0,2.0,33.33333333333333,0.0,0.0,
Общо,,32.0,18.0,43.75,9.0,2.0,77.77777777777779,6.0,5.0,16.666666666666664,11.0,5.0,54.54545454545454,1.0,4.0,-300.0,3.0,2.0,33.33333333333333,0.0,0.0,
283500097,с.Росина,110.0,62.0,43.63636363636363,4.0,5.0,-25.0,75.0,25.0,66.66666666666666,12.0,5.0,58.333333333333336,13.0,23.0,-76.92307692307693,1.0,3.0,-200.0,0.0,0.0,
Общо,,110.0,62.0,43.63636363636363,4.0,5.0,-25.0,75.0,25.0,66.66666666666666,12.0,5.0,58.333333333333336,13.0,23.0,-76.92307692307693,1.0,3.0,-200.0,0.0,0.0,
122400038,с.Трайково,156.0,79.0,49.358974358974365,97.0,17.0,82.4742268041237,14.0,13.0,7.142857142857142,11.0,12.0,-9.090909090909092,16.0,25.0,-56.25,1.0,2.0,-100.0,2.0,5.0,-150.0
122400039,с.Трайково,278.0,166.0,40.28776978417266,188.0,46.0,75.53191489361703,19.0,39.0,-105.26315789473684,15.0,18.0,-20.0,26.0,42.0,-61.53846153846154,2.0,6.0,-200.0,1.0,3.0,-200.0
Общо,,434.0,245.0,43.54838709677419,285.0,63.0,77.89473684210526,33.0,52.0,-57.57575757575758,26.0,30.0,-15.384615384615385,42.0,67.0,-59.523809523809526,3.0,8.0,-166.66666666666669,3.0,8.0,-166.66666666666669
293300025,с.Болярски извор,92.0,52.0,43.47826086956522,20.0,6.0,70.0,5.0,2.0,60.0,36.0,19.0,47.22222222222222,7.0,17.0,-142.85714285714286,1.0,2.0,-100.0,2.0,1.0,50.0
Общо,,92.0,52.0,43.47826086956522,20.0,6.0,70.0,5.0,2.0,60.0,36.0,19.0,47.22222222222222,7.0,17.0,-142.85714285714286,1.0,2.0,-100.0,2.0,1.0,50.0
273700006,с.Конаре,290.0,164.0,43.44827586206896,23.0,23.0,0.0,131.0,7.0,94.65648854961832,40.0,45.0,-12.5,56.0,49.0,12.5,9.0,6.0,33.33333333333333,2.0,15.0,-650.0
Общо,,290.0,164.0,43.44827586206896,23.0,23.0,0.0,131.0,7.0,94.65648854961832,40.0,45.0,-12.5,56.0,49.0,12.5,9.0,6.0,33.33333333333333,2.0,15.0,-650.0
030500006,с.Попович,148.0,84.0,43.24324324324324,53.0,31.0,41.509433962264154,16.0,14.0,12.5,20.0,9.0,55.00000000000001,7.0,13.0,-85.71428571428571,1.0,1.0,0.0,2.0,5.0,-150.0
Общо,,148.0,84.0,43.24324324324324,53.0,31.0,41.509433962264154,16.0,14.0,12.5,20.0,9.0,55.00000000000001,7.0,13.0,-85.71428571428571,1.0,1.0,0.0,2.0,5.0,-150.0
080300033,с.Стражица,146.0,83.0,43.15068493150685,100.0,6.0,94.0,19.0,19.0,0.0,3.0,4.0,-33.33333333333333,9.0,1.0,88.88888888888889,3.0,2.0,33.33333333333333,2.0,4.0,-100.0
Общо,,146.0,83.0,43.15068493150685,100.0,6.0,94.0,19.0,19.0,0.0,3.0,4.0,-33.33333333333333,9.0,1.0,88.88888888888889,3.0,2.0,33.33333333333333,2.0,4.0,-100.0
193300008,с.Стамболово,232.0,132.0,43.103448275862064,52.0,28.0,46.15384615384615,119.0,74.0,37.81512605042017,17.0,5.0,70.58823529411765,5.0,16.0,-220.00000000000003,2.0,5.0,-150.0,1.0,1.0,0.0
Общо,,232.0,132.0,43.103448275862064,52.0,28.0,46.15384615384615,119.0,74.0,37.81512605042017,17.0,5.0,70.58823529411765,5.0,16.0,-220.00000000000003,2.0,5.0,-150.0,1.0,1.0,0.0
111900014,с.Петревене,288.0,164.0,43.05555555555556,103.0,57.0,44.66019417475729,125.0,39.0,68.8,20.0,25.0,-25.0,14.0,31.0,-121.42857142857142,1.0,4.0,-300.0,2.0,1.0,50.0
Общо,,288.0,164.0,43.05555555555556,103.0,57.0,44.66019417475729,125.0,39.0,68.8,20.0,25.0,-25.0,14.0,31.0,-121.42857142857142,1.0,4.0,-300.0,2.0,1.0,50.0
211600034,с.Караново,360.0,205.0,43.05555555555556,88.0,84.0,4.545454545454546,95.0,9.0,90.52631578947368,75.0,36.0,52.0,58.0,42.0,27.586206896551722,11.0,14.0,-27.27272727272727,3.0,7.0,-133.33333333333331
Общо,,360.0,205.0,43.05555555555556,88.0,84.0,4.545454545454546,95.0,9.0,90.52631578947368,75.0,36.0,52.0,58.0,42.0,27.586206896551722,11.0,14.0,-27.27272727272727,3.0,7.0,-133.33333333333331
131900189,с.Юнаците,289.0,193.0,33.21799307958477,75.0,69.0,8.0,35.0,3.0,91.42857142857143,22.0,17.0,22.727272727272727,54.0,67.0,-24.074074074074073,6.0,7.0,-16.666666666666664,4.0,10.0,-150.0
131900190,с.Юнаците,213.0,94.0,55.86854460093896,49.0,34.0,30.612244897959183,24.0,0.0,100.0,33.0,17.0,48.484848484848484,31.0,21.0,32.25806451612903,5.0,2.0,60.0,2.0,1.0,50.0
Общо,,502.0,287.0,42.82868525896414,124.0,103.0,16.93548387096774,59.0,3.0,94.91525423728814,55.0,34.0,38.18181818181819,85.0,88.0,-3.5294117647058822,11.0,9.0,18.181818181818183,6.0,11.0,-83.33333333333334
062100014,с.Осен,166.0,95.0,42.77108433734939,126.0,16.0,87.3015873015873,1.0,1.0,0.0,19.0,17.0,10.526315789473683,7.0,13.0,-85.71428571428571,1.0,39.0,-3800.0,0.0,4.0,
Общо,,166.0,95.0,42.77108433734939,126.0,16.0,87.3015873015873,1.0,1.0,0.0,19.0,17.0,10.526315789473683,7.0,13.0,-85.71428571428571,1.0,39.0,-3800.0,0.0,4.0,
270400012,с.Гранит,192.0,110.0,42.70833333333333,28.0,19.0,32.142857142857146,77.0,3.0,96.1038961038961,41.0,42.0,-2.4390243902439024,19.0,28.0,-47.368421052631575,2.0,3.0,-50.0,0.0,3.0,
Общо,,192.0,110.0,42.70833333333333,28.0,19.0,32.142857142857146,77.0,3.0,96.1038961038961,41.0,42.0,-2.4390243902439024,19.0,28.0,-47.368421052631575,2.0,3.0,-50.0,0.0,3.0,
020600030,с.Орлинци,157.0,90.0,42.675159235668794,88.0,18.0,79.54545454545455,1.0,0.0,100.0,32.0,23.0,28.125,16.0,38.0,-137.5,0.0,6.0,,0.0,0.0,
Общо,,157.0,90.0,42.675159235668794,88.0,18.0,79.54545454545455,1.0,0.0,100.0,32.0,23.0,28.125,16.0,38.0,-137.5,0.0,6.0,,0.0,0.0,
200100205,с.Бистра,143.0,82.0,42.65734265734265,77.0,11.0,85.71428571428571,51.0,59.0,-15.686274509803921,4.0,1.0,75.0,0.0,5.0,,2.0,2.0,0.0,0.0,1.0,
Общо,,143.0,82.0,42.65734265734265,77.0,11.0,85.71428571428571,51.0,59.0,-15.686274509803921,4.0,1.0,75.0,0.0,5.0,,2.0,2.0,0.0,0.0,1.0,
021500018,с.Гюльовца,236.0,101.0,57.20338983050848,59.0,15.0,74.57627118644068,123.0,18.0,85.36585365853658,25.0,25.0,0.0,3.0,26.0,-766.6666666666667,3.0,12.0,-300.0,1.0,0.0,100.0
021500019,с.Гюльовца,196.0,147.0,25.0,51.0,21.0,58.82352941176471,4.0,2.0,50.0,45.0,33.0,26.666666666666668,40.0,45.0,-12.5,14.0,25.0,-78.57142857142857,7.0,10.0,-42.857142857142854
Общо,,432.0,248.0,42.592592592592595,110.0,36.0,67.27272727272727,127.0,20.0,84.25196850393701,70.0,58.0,17.142857142857142,43.0,71.0,-65.11627906976744,17.0,37.0,-117.64705882352942,8.0,10.0,-25.0
151000003,с.Божурица,339.0,195.0,42.47787610619469,97.0,52.0,46.391752577319586,52.0,2.0,96.15384615384616,86.0,67.0,22.093023255813954,61.0,51.0,16.39344262295082,5.0,10.0,-100.0,5.0,2.0,60.0
Общо,,339.0,195.0,42.47787610619469,97.0,52.0,46.391752577319586,52.0,2.0,96.15384615384616,86.0,67.0,22.093023255813954,61.0,51.0,16.39344262295082,5.0,10.0,-100.0,5.0,2.0,60.0
312500024,с.Крумово,222.0,128.0,42.34234234234234,14.0,33.0,-135.71428571428572,2.0,2.0,0.0,53.0,53.0,0.0,20.0,15.0,25.0,3.0,6.0,-100.0,1.0,5.0,-400.0
Общо,,222.0,128.0,42.34234234234234,14.0,33.0,-135.71428571428572,2.0,2.0,0.0,53.0,53.0,0.0,20.0,15.0,25.0,3.0,6.0,-100.0,1.0,5.0,-400.0
015300009,с.Бел камен,345.0,199.0,42.31884057971014,225.0,35.0,84.44444444444444,106.0,137.0,-29.245283018867923,2.0,3.0,-50.0,8.0,16.0,-100.0,0.0,2.0,,0.0,2.0,
Общо,,345.0,199.0,42.31884057971014,225.0,35.0,84.44444444444444,106.0,137.0,-29.245283018867923,2.0,3.0,-50.0,8.0,16.0,-100.0,0.0,2.0,,0.0,2.0,
020100043,с.Чукарка,260.0,150.0,42.30769230769231,128.0,79.0,38.28125,82.0,57.0,30.48780487804878,5.0,5.0,0.0,5.0,4.0,20.0,1.0,1.0,0.0,0.0,1.0,
Общо,,260.0,150.0,42.30769230769231,128.0,79.0,38.28125,82.0,57.0,30.48780487804878,5.0,5.0,0.0,5.0,4.0,20.0,1.0,1.0,0.0,0.0,1.0,
130800041,с.Грашево,551.0,323.0,41.37931034482759,426.0,251.0,41.07981220657277,94.0,35.0,62.76595744680851,11.0,11.0,0.0,8.0,14.0,-75.0,1.0,0.0,100.0,0.0,2.0,
130800042,с.Грашево,159.0,88.0,44.65408805031446,121.0,62.0,48.760330578512395,35.0,20.0,42.857142857142854,2.0,1.0,50.0,0.0,1.0,,0.0,0.0,,0.0,1.0,
Общо,,710.0,411.0,42.112676056338024,547.0,313.0,42.77879341864717,129.0,55.0,57.36434108527132,13.0,12.0,7.6923076923076925,8.0,15.0,-87.5,1.0,0.0,100.0,0.0,3.0,
030900023,с.Радан войвода,119.0,69.0,42.016806722689076,80.0,23.0,71.25,23.0,25.0,-8.695652173913043,3.0,13.0,-333.33333333333337,1.0,8.0,-700.0,0.0,0.0,,3.0,0.0,100.0
Общо,,119.0,69.0,42.016806722689076,80.0,23.0,71.25,23.0,25.0,-8.695652173913043,3.0,13.0,-333.33333333333337,1.0,8.0,-700.0,0.0,0.0,,3.0,0.0,100.0
015200006,с.Теплен,231.0,134.0,41.99134199134199,113.0,12.0,89.38053097345133,76.0,83.0,-9.210526315789473,14.0,10.0,28.57142857142857,17.0,21.0,-23.52941176470588,0.0,1.0,,1.0,3.0,-200.0
Общо,,231.0,134.0,41.99134199134199,113.0,12.0,89.38053097345133,76.0,83.0,-9.210526315789473,14.0,10.0,28.57142857142857,17.0,21.0,-23.52941176470588,0.0,1.0,,1.0,3.0,-200.0
283500072,с.Лиляк,206.0,121.0,41.262135922330096,25.0,26.0,-4.0,77.0,29.0,62.33766233766234,34.0,24.0,29.411764705882355,26.0,23.0,11.538461538461538,2.0,3.0,-50.0,1.0,4.0,-300.0
283500073,с.Лиляк,161.0,92.0,42.857142857142854,25.0,19.0,24.0,83.0,39.0,53.01204819277109,19.0,14.0,26.31578947368421,9.0,7.0,22.22222222222222,0.0,2.0,,2.0,3.0,-50.0
Общо,,367.0,213.0,41.96185286103542,50.0,45.0,10.0,160.0,68.0,57.49999999999999,53.0,38.0,28.30188679245283,35.0,30.0,14.285714285714285,2.0,5.0,-150.0,3.0,7.0,-133.33333333333331
211100003,с.Градец,307.0,196.0,36.156351791530945,142.0,104.0,26.76056338028169,73.0,10.0,86.3013698630137,43.0,32.0,25.581395348837212,18.0,21.0,-16.666666666666664,8.0,9.0,-12.5,3.0,3.0,0.0
211100004,с.Градец,294.0,162.0,44.89795918367347,160.0,105.0,34.375,79.0,11.0,86.07594936708861,22.0,19.0,13.636363636363635,3.0,5.0,-66.66666666666666,3.0,3.0,0.0,1.0,1.0,0.0
211100005,с.Градец,197.0,127.0,35.53299492385787,106.0,81.0,23.58490566037736,38.0,11.0,71.05263157894737,34.0,21.0,38.23529411764706,0.0,4.0,,0.0,2.0,,0.0,1.0,
211100006,с.Градец,220.0,106.0,51.81818181818182,100.0,64.0,36.0,59.0,9.0,84.7457627118644,26.0,15.0,42.30769230769231,0.0,3.0,,2.0,3.0,-50.0,0.0,2.0,
Общо,,1018.0,591.0,41.944990176817285,508.0,354.0,30.314960629921263,249.0,41.0,83.53413654618474,125.0,87.0,30.4,21.0,33.0,-57.14285714285714,13.0,17.0,-30.76923076923077,4.0,7.0,-75.0
171200017,с.Долна махала,165.0,96.0,41.81818181818181,21.0,21.0,0.0,21.0,8.0,61.904761904761905,24.0,24.0,0.0,7.0,15.0,-114.28571428571428,2.0,2.0,0.0,3.0,1.0,66.66666666666666
Общо,,165.0,96.0,41.81818181818181,21.0,21.0,0.0,21.0,8.0,61.904761904761905,24.0,24.0,0.0,7.0,15.0,-114.28571428571428,2.0,2.0,0.0,3.0,1.0,66.66666666666666
291700020,с.Васково,67.0,39.0,41.7910447761194,63.0,4.0,93.65079365079364,0.0,0.0,,4.0,7.0,-75.0,0.0,25.0,,0.0,2.0,,0.0,0.0,
Общо,,67.0,39.0,41.7910447761194,63.0,4.0,93.65079365079364,0.0,0.0,,4.0,7.0,-75.0,0.0,25.0,,0.0,2.0,,0.0,0.0,
042600020,с.Куцина,211.0,123.0,41.70616113744076,59.0,22.0,62.71186440677966,43.0,19.0,55.81395348837209,49.0,37.0,24.489795918367346,32.0,28.0,12.5,4.0,6.0,-50.0,0.0,2.0,
Общо,,211.0,123.0,41.70616113744076,59.0,22.0,62.71186440677966,43.0,19.0,55.81395348837209,49.0,37.0,24.489795918367346,32.0,28.0,12.5,4.0,6.0,-50.0,0.0,2.0,
020900051,с.Детелина,96.0,56.0,41.66666666666667,4.0,5.0,-25.0,43.0,6.0,86.04651162790698,33.0,24.0,27.27272727272727,7.0,10.0,-42.857142857142854,0.0,2.0,,1.0,0.0,100.0
Общо,,96.0,56.0,41.66666666666667,4.0,5.0,-25.0,43.0,6.0,86.04651162790698,33.0,24.0,27.27272727272727,7.0,10.0,-42.857142857142854,0.0,2.0,,1.0,0.0,100.0
221000008,с.Бръщен,425.0,248.0,41.647058823529406,283.0,156.0,44.87632508833922,20.0,14.0,30.0,32.0,22.0,31.25,47.0,43.0,8.51063829787234,3.0,6.0,-100.0,2.0,3.0,-50.0
Общо,,425.0,248.0,41.647058823529406,283.0,156.0,44.87632508833922,20.0,14.0,30.0,32.0,22.0,31.25,47.0,43.0,8.51063829787234,3.0,6.0,-100.0,2.0,3.0,-50.0
020800014,с.Русокастро,142.0,92.0,35.2112676056338,34.0,16.0,52.94117647058824,6.0,0.0,100.0,27.0,28.0,-3.7037037037037033,9.0,21.0,-133.33333333333331,7.0,6.0,14.285714285714285,2.0,6.0,-200.0
020800015,с.Русокастро,155.0,82.0,47.096774193548384,27.0,13.0,51.85185185185185,27.0,3.0,88.88888888888889,40.0,29.0,27.500000000000004,9.0,15.0,-66.66666666666666,9.0,14.0,-55.55555555555556,1.0,3.0,-200.0
Общо,,297.0,174.0,41.41414141414141,61.0,29.0,52.459016393442624,33.0,3.0,90.9090909090909,67.0,57.0,14.925373134328357,18.0,36.0,-100.0,16.0,20.0,-25.0,3.0,9.0,-200.0
270700017,с.Медникарово,174.0,102.0,41.37931034482759,19.0,11.0,42.10526315789473,95.0,19.0,80.0,25.0,29.0,-16.0,19.0,21.0,-10.526315789473683,3.0,2.0,33.33333333333333,2.0,4.0,-100.0
Общо,,174.0,102.0,41.37931034482759,19.0,11.0,42.10526315789473,95.0,19.0,80.0,25.0,29.0,-16.0,19.0,21.0,-10.526315789473683,3.0,2.0,33.33333333333333,2.0,4.0,-100.0
212000141,с.Чинтулово,677.0,397.0,41.3589364844904,463.0,270.0,41.68466522678186,56.0,1.0,98.21428571428571,71.0,39.0,45.07042253521127,36.0,39.0,-8.333333333333332,16.0,27.0,-68.75,1.0,1.0,0.0
Общо,,677.0,397.0,41.3589364844904,463.0,270.0,41.68466522678186,56.0,1.0,98.21428571428571,71.0,39.0,45.07042253521127,36.0,39.0,-8.333333333333332,16.0,27.0,-68.75,1.0,1.0,0.0
171700026,с.Динк,150.0,88.0,41.333333333333336,26.0,22.0,15.384615384615385,49.0,15.0,69.38775510204081,49.0,19.0,61.224489795918366,13.0,17.0,-30.76923076923077,2.0,9.0,-350.0,2.0,2.0,0.0
Общо,,150.0,88.0,41.333333333333336,26.0,22.0,15.384615384615385,49.0,15.0,69.38775510204081,49.0,19.0,61.224489795918366,13.0,17.0,-30.76923076923077,2.0,9.0,-350.0,2.0,2.0,0.0
122400043,с.Добри дол,121.0,71.0,41.32231404958678,51.0,20.0,60.78431372549019,6.0,2.0,66.66666666666666,20.0,27.0,-35.0,3.0,10.0,-233.33333333333334,1.0,3.0,-200.0,1.0,5.0,-400.0
Общо,,121.0,71.0,41.32231404958678,51.0,20.0,60.78431372549019,6.0,2.0,66.66666666666666,20.0,27.0,-35.0,3.0,10.0,-233.33333333333334,1.0,3.0,-200.0,1.0,5.0,-400.0
040400096,с.Водолей,235.0,138.0,41.27659574468085,155.0,15.0,90.32258064516128,37.0,70.0,-89.1891891891892,13.0,17.0,-30.76923076923077,7.0,24.0,-242.85714285714283,0.0,3.0,,0.0,1.0,
Общо,,235.0,138.0,41.27659574468085,155.0,15.0,90.32258064516128,37.0,70.0,-89.1891891891892,13.0,17.0,-30.76923076923077,7.0,24.0,-242.85714285714283,0.0,3.0,,0.0,1.0,
290900076,гр.Меричлери,187.0,114.0,39.037433155080215,91.0,26.0,71.42857142857143,1.0,7.0,-600.0,44.0,37.0,15.909090909090908,21.0,22.0,-4.761904761904762,1.0,4.0,-300.0,3.0,9.0,-200.0
290900077,гр.Меричлери,208.0,140.0,32.69230769230769,123.0,42.0,65.85365853658537,2.0,10.0,-400.0,31.0,28.0,9.67741935483871,17.0,36.0,-111.76470588235294,7.0,3.0,57.14285714285714,4.0,3.0,25.0
290900078,гр.Меричлери,251.0,126.0,49.800796812749006,128.0,34.0,73.4375,2.0,7.0,-250.0,53.0,38.0,28.30188679245283,27.0,26.0,3.7037037037037033,4.0,4.0,0.0,1.0,1.0,0.0
Общо,,646.0,380.0,41.17647058823529,342.0,102.0,70.17543859649122,5.0,24.0,-380.0,128.0,103.0,19.53125,65.0,84.0,-29.230769230769234,12.0,11.0,8.333333333333332,8.0,13.0,-62.5
152400217,с.Николаево,209.0,123.0,41.14832535885167,45.0,25.0,44.44444444444444,0.0,1.0,,30.0,24.0,20.0,23.0,32.0,-39.130434782608695,7.0,10.0,-42.857142857142854,10.0,8.0,20.0
Общо,,209.0,123.0,41.14832535885167,45.0,25.0,44.44444444444444,0.0,1.0,,30.0,24.0,20.0,23.0,32.0,-39.130434782608695,7.0,10.0,-42.857142857142854,10.0,8.0,20.0
081500040,с.Одърци,192.0,113.0,41.14583333333333,102.0,29.0,71.56862745098039,2.0,5.0,-150.0,44.0,41.0,6.8181818181818175,17.0,15.0,11.76470588235294,3.0,8.0,-166.66666666666669,1.0,2.0,-100.0
Общо,,192.0,113.0,41.14583333333333,102.0,29.0,71.56862745098039,2.0,5.0,-150.0,44.0,41.0,6.8181818181818175,17.0,15.0,11.76470588235294,3.0,8.0,-166.66666666666669,1.0,2.0,-100.0
111800048,с.Радювене,321.0,189.0,41.1214953271028,166.0,69.0,58.43373493975904,18.0,5.0,72.22222222222221,53.0,48.0,9.433962264150944,39.0,25.0,35.8974358974359,4.0,8.0,-100.0,9.0,9.0,0.0
Общо,,321.0,189.0,41.1214953271028,166.0,69.0,58.43373493975904,18.0,5.0,72.22222222222221,53.0,48.0,9.433962264150944,39.0,25.0,35.8974358974359,4.0,8.0,-100.0,9.0,9.0,0.0
212000168,с.Крушаре,288.0,113.0,60.763888888888886,172.0,22.0,87.20930232558139,1.0,1.0,0.0,52.0,39.0,25.0,31.0,25.0,19.35483870967742,11.0,4.0,63.63636363636363,3.0,6.0,-100.0
212000169,с.Крушаре,320.0,245.0,23.4375,88.0,56.0,36.36363636363637,0.0,2.0,,73.0,48.0,34.24657534246575,66.0,77.0,-16.666666666666664,26.0,16.0,38.46153846153847,9.0,13.0,-44.44444444444444
Общо,,608.0,358.0,41.118421052631575,260.0,78.0,70.0,1.0,3.0,-200.0,125.0,87.0,30.4,97.0,102.0,-5.154639175257731,37.0,20.0,45.94594594594595,12.0,19.0,-58.333333333333336
130800036,с.Драгиново,576.0,316.0,45.13888888888889,327.0,147.0,55.04587155963303,160.0,100.0,37.5,14.0,9.0,35.714285714285715,43.0,33.0,23.25581395348837,1.0,4.0,-300.0,6.0,4.0,33.33333333333333
130800037,с.Драгиново,561.0,346.0,38.32442067736185,326.0,175.0,46.31901840490797,138.0,82.0,40.57971014492754,10.0,13.0,-30.0,38.0,36.0,5.263157894736842,2.0,2.0,0.0,13.0,17.0,-30.76923076923077
130800038,с.Драгиново,559.0,342.0,38.81932021466905,265.0,139.0,47.54716981132076,206.0,135.0,34.46601941747573,11.0,6.0,45.45454545454545,40.0,41.0,-2.5,0.0,1.0,,5.0,5.0,0.0
130800039,с.Драгиново,535.0,310.0,42.05607476635514,320.0,165.0,48.4375,131.0,81.0,38.16793893129771,13.0,7.0,46.15384615384615,30.0,37.0,-23.333333333333332,1.0,1.0,0.0,2.0,2.0,0.0
Общо,,2231.0,1314.0,41.102644554011654,1238.0,626.0,49.43457189014539,635.0,398.0,37.32283464566929,48.0,35.0,27.083333333333332,151.0,147.0,2.6490066225165565,4.0,8.0,-100.0,26.0,28.0,-7.6923076923076925
013300074,с.Чурилово,22.0,13.0,40.909090909090914,14.0,8.0,42.857142857142854,1.0,0.0,100.0,3.0,3.0,0.0,0.0,1.0,,2.0,0.0,100.0,0.0,1.0,
Общо,,22.0,13.0,40.909090909090914,14.0,8.0,42.857142857142854,1.0,0.0,100.0,3.0,3.0,0.0,0.0,1.0,,2.0,0.0,100.0,0.0,1.0,
293400131,с.Малево,232.0,128.0,44.827586206896555,131.0,42.0,67.93893129770993,5.0,6.0,-20.0,21.0,21.0,0.0,30.0,28.0,6.666666666666667,14.0,4.0,71.42857142857143,7.0,10.0,-42.857142857142854
293400132,с.Малево,260.0,163.0,37.30769230769231,140.0,68.0,51.42857142857142,14.0,10.0,28.57142857142857,22.0,14.0,36.36363636363637,34.0,47.0,-38.23529411764706,14.0,5.0,64.28571428571429,7.0,9.0,-28.57142857142857
Общо,,492.0,291.0,40.853658536585364,271.0,110.0,59.40959409594095,19.0,16.0,15.789473684210526,43.0,35.0,18.6046511627907,64.0,75.0,-17.1875,28.0,9.0,67.85714285714286,14.0,19.0,-35.714285714285715
143200130,с.Богданов дол,250.0,148.0,40.8,152.0,45.0,70.39473684210526,1.0,1.0,0.0,33.0,37.0,-12.121212121212121,26.0,26.0,0.0,4.0,5.0,-25.0,8.0,15.0,-87.5
Общо,,250.0,148.0,40.8,152.0,45.0,70.39473684210526,1.0,1.0,0.0,33.0,37.0,-12.121212121212121,26.0,26.0,0.0,4.0,5.0,-25.0,8.0,15.0,-87.5
132000021,с.Левски,277.0,164.0,40.794223826714806,97.0,25.0,74.22680412371135,1.0,3.0,-200.0,95.0,64.0,32.631578947368425,35.0,50.0,-42.857142857142854,13.0,6.0,53.84615384615385,1.0,3.0,-200.0
Общо,,277.0,164.0,40.794223826714806,97.0,25.0,74.22680412371135,1.0,3.0,-200.0,95.0,64.0,32.631578947368425,35.0,50.0,-42.857142857142854,13.0,6.0,53.84615384615385,1.0,3.0,-200.0
031300023,с.Старо Оряхово,300.0,225.0,25.0,148.0,105.0,29.054054054054053,14.0,4.0,71.42857142857143,53.0,38.0,28.30188679245283,25.0,37.0,-48.0,18.0,22.0,-22.22222222222222,4.0,2.0,50.0
031300024,с.Старо Оряхово,321.0,112.0,65.10903426791276,201.0,42.0,79.1044776119403,30.0,5.0,83.33333333333334,36.0,18.0,50.0,30.0,31.0,-3.3333333333333335,4.0,5.0,-25.0,0.0,0.0,
031300025,с.Старо Оряхово,367.0,249.0,32.15258855585831,205.0,112.0,45.36585365853659,16.0,6.0,62.5,57.0,54.0,5.263157894736842,33.0,39.0,-18.181818181818183,21.0,17.0,19.047619047619047,0.0,3.0,
Общо,,988.0,586.0,40.688259109311744,554.0,259.0,53.24909747292419,60.0,15.0,75.0,146.0,110.0,24.65753424657534,88.0,107.0,-21.59090909090909,43.0,44.0,-2.3255813953488373,4.0,5.0,-25.0
272400014,с.Тъжа,247.0,167.0,32.388663967611336,23.0,28.0,-21.73913043478261,97.0,35.0,63.91752577319587,47.0,34.0,27.659574468085108,42.0,50.0,-19.047619047619047,8.0,6.0,25.0,3.0,2.0,33.33333333333333
272400015,с.Тъжа,248.0,127.0,48.79032258064516,15.0,22.0,-46.666666666666664,143.0,23.0,83.91608391608392,33.0,33.0,0.0,23.0,25.0,-8.695652173913043,2.0,2.0,0.0,1.0,6.0,-500.0
Общо,,495.0,294.0,40.60606060606061,38.0,50.0,-31.57894736842105,240.0,58.0,75.83333333333333,80.0,67.0,16.25,65.0,75.0,-15.384615384615385,10.0,8.0,20.0,4.0,8.0,-100.0
193300007,с.Кошарна,190.0,113.0,40.526315789473685,62.0,21.0,66.12903225806451,74.0,68.0,8.108108108108109,23.0,9.0,60.86956521739131,7.0,8.0,-14.285714285714285,3.0,3.0,0.0,0.0,0.0,
Общо,,190.0,113.0,40.526315789473685,62.0,21.0,66.12903225806451,74.0,68.0,8.108108108108109,23.0,9.0,60.86956521739131,7.0,8.0,-14.285714285714285,3.0,3.0,0.0,0.0,0.0,
022100012,с.Зидарово,223.0,137.0,38.56502242152467,16.0,14.0,12.5,14.0,5.0,64.28571428571429,148.0,74.0,50.0,15.0,26.0,-73.33333333333333,6.0,6.0,0.0,3.0,5.0,-66.66666666666666
022100013,с.Зидарово,136.0,77.0,43.38235294117647,12.0,10.0,16.666666666666664,13.0,8.0,38.46153846153847,80.0,36.0,55.00000000000001,6.0,13.0,-116.66666666666667,5.0,6.0,-20.0,0.0,3.0,
Общо,,359.0,214.0,40.389972144846794,28.0,24.0,14.285714285714285,27.0,13.0,51.85185185185185,228.0,110.0,51.75438596491229,21.0,39.0,-85.71428571428571,11.0,12.0,-9.090909090909092,3.0,8.0,-166.66666666666669
032400028,с.Градинарово,317.0,189.0,40.37854889589905,99.0,69.0,30.303030303030305,103.0,39.0,62.13592233009708,50.0,52.0,-4.0,14.0,16.0,-14.285714285714285,0.0,0.0,,1.0,1.0,0.0
Общо,,317.0,189.0,40.37854889589905,99.0,69.0,30.303030303030305,103.0,39.0,62.13592233009708,50.0,52.0,-4.0,14.0,16.0,-14.285714285714285,0.0,0.0,,1.0,1.0,0.0
152300005,с.Долни Луковит,235.0,180.0,23.404255319148938,59.0,50.0,15.254237288135593,24.0,5.0,79.16666666666666,59.0,49.0,16.94915254237288,42.0,49.0,-16.666666666666664,6.0,9.0,-50.0,5.0,5.0,0.0
152300006,с.Долни Луковит,255.0,132.0,48.23529411764706,34.0,16.0,52.94117647058824,42.0,8.0,80.95238095238095,56.0,30.0,46.42857142857143,63.0,52.0,17.46031746031746,2.0,6.0,-200.0,5.0,7.0,-40.0
152300007,с.Долни Луковит,209.0,105.0,49.760765550239235,26.0,12.0,53.84615384615385,46.0,16.0,65.21739130434783,57.0,27.0,52.63157894736842,57.0,44.0,22.807017543859647,0.0,0.0,,1.0,1.0,0.0
Общо,,699.0,417.0,40.343347639484975,119.0,78.0,34.45378151260504,112.0,29.0,74.10714285714286,172.0,106.0,38.372093023255815,162.0,145.0,10.493827160493826,8.0,15.0,-87.5,11.0,13.0,-18.181818181818183
080300029,с.Преспа,72.0,43.0,40.27777777777778,20.0,9.0,55.00000000000001,7.0,5.0,28.57142857142857,17.0,10.0,41.17647058823529,13.0,12.0,7.6923076923076925,7.0,1.0,85.71428571428571,0.0,1.0,
Общо,,72.0,43.0,40.27777777777778,20.0,9.0,55.00000000000001,7.0,5.0,28.57142857142857,17.0,10.0,41.17647058823529,13.0,12.0,7.6923076923076925,7.0,1.0,85.71428571428571,0.0,1.0,
312500017,с.Завой,395.0,236.0,40.25316455696203,161.0,73.0,54.6583850931677,56.0,23.0,58.92857142857143,79.0,61.0,22.78481012658228,35.0,39.0,-11.428571428571429,18.0,18.0,0.0,3.0,3.0,0.0
Общо,,395.0,236.0,40.25316455696203,161.0,73.0,54.6583850931677,56.0,23.0,58.92857142857143,79.0,61.0,22.78481012658228,35.0,39.0,-11.428571428571429,18.0,18.0,0.0,3.0,3.0,0.0
272200014,с.Ветрен,244.0,135.0,44.67213114754098,125.0,54.0,56.8,16.0,3.0,81.25,22.0,14.0,36.36363636363637,27.0,28.0,-3.7037037037037033,16.0,18.0,-12.5,6.0,2.0,66.66666666666666
272200015,с.Ветрен,176.0,116.0,34.090909090909086,77.0,34.0,55.84415584415584,6.0,7.0,-16.666666666666664,24.0,20.0,16.666666666666664,30.0,27.0,10.0,8.0,11.0,-37.5,2.0,4.0,-100.0
Общо,,420.0,251.0,40.23809523809524,202.0,88.0,56.43564356435643,22.0,10.0,54.54545454545454,46.0,34.0,26.08695652173913,57.0,55.0,3.508771929824561,24.0,29.0,-20.833333333333336,8.0,6.0,25.0
081500033,с.Лясково,137.0,82.0,40.14598540145985,12.0,21.0,-75.0,65.0,6.0,90.76923076923077,37.0,25.0,32.432432432432435,5.0,17.0,-240.0,0.0,2.0,,3.0,4.0,-33.33333333333333
Общо,,137.0,82.0,40.14598540145985,12.0,21.0,-75.0,65.0,6.0,90.76923076923077,37.0,25.0,32.432432432432435,5.0,17.0,-240.0,0.0,2.0,,3.0,4.0,-33.33333333333333
122400047,с.Станево,137.0,82.0,40.14598540145985,68.0,15.0,77.94117647058823,8.0,5.0,37.5,12.0,16.0,-33.33333333333333,24.0,37.0,-54.166666666666664,4.0,3.0,25.0,0.0,1.0,
Общо,,137.0,82.0,40.14598540145985,68.0,15.0,77.94117647058823,8.0,5.0,37.5,12.0,16.0,-33.33333333333333,24.0,37.0,-54.166666666666664,4.0,3.0,25.0,0.0,1.0,
130800024,с.Долна Дъбева,152.0,91.0,40.131578947368425,60.0,18.0,70.0,86.0,60.0,30.23255813953488,2.0,1.0,50.0,0.0,9.0,,1.0,1.0,0.0,0.0,2.0,
Общо,,152.0,91.0,40.131578947368425,60.0,18.0,70.0,86.0,60.0,30.23255813953488,2.0,1.0,50.0,0.0,9.0,,1.0,1.0,0.0,0.0,2.0,
293200024,с.Чукарово,20.0,12.0,40.0,4.0,4.0,0.0,3.0,1.0,66.66666666666666,8.0,4.0,50.0,0.0,1.0,,0.0,0.0,,1.0,0.0,100.0
Общо,,20.0,12.0,40.0,4.0,4.0,0.0,3.0,1.0,66.66666666666666,8.0,4.0,50.0,0.0,1.0,,0.0,0.0,,1.0,0.0,100.0
020800010,с.Кръстина,180.0,108.0,40.0,85.0,39.0,54.11764705882353,13.0,0.0,100.0,43.0,38.0,11.627906976744185,7.0,12.0,-71.42857142857143,7.0,9.0,-28.57142857142857,0.0,3.0,
Общо,,180.0,108.0,40.0,85.0,39.0,54.11764705882353,13.0,0.0,100.0,43.0,38.0,11.627906976744185,7.0,12.0,-71.42857142857143,7.0,9.0,-28.57142857142857,0.0,3.0,
130800023,с.Всемирци,195.0,117.0,40.0,89.0,43.0,51.68539325842697,96.0,57.0,40.625,2.0,1.0,50.0,1.0,13.0,-1200.0,0.0,0.0,,0.0,2.0,
Общо,,195.0,117.0,40.0,89.0,43.0,51.68539325842697,96.0,57.0,40.625,2.0,1.0,50.0,1.0,13.0,-1200.0,0.0,0.0,,0.0,2.0,
172500016,с.Стряма,359.0,230.0,35.93314763231198,93.0,78.0,16.129032258064516,3.0,0.0,100.0,52.0,41.0,21.153846153846153,56.0,64.0,-14.285714285714285,11.0,15.0,-36.36363636363637,14.0,14.0,0.0
172500017,с.Стряма,344.0,222.0,35.46511627906977,60.0,41.0,31.666666666666664,0.0,0.0,,59.0,43.0,27.11864406779661,73.0,94.0,-28.767123287671232,6.0,10.0,-66.66666666666666,6.0,12.0,-100.0
172500018,с.Стряма,91.0,17.0,81.31868131868131,0.0,1.0,,13.0,3.0,76.92307692307693,21.0,7.0,66.66666666666666,1.0,6.0,-500.0,2.0,0.0,100.0,2.0,0.0,100.0
172500019,с.Стряма,328.0,205.0,37.5,57.0,52.0,8.771929824561402,3.0,2.0,33.33333333333333,52.0,48.0,7.6923076923076925,43.0,46.0,-6.976744186046512,15.0,15.0,0.0,17.0,15.0,11.76470588235294
Общо,,1122.0,674.0,39.928698752228165,210.0,172.0,18.095238095238095,19.0,5.0,73.68421052631578,184.0,139.0,24.456521739130434,173.0,210.0,-21.38728323699422,34.0,40.0,-17.647058823529413,39.0,41.0,-5.128205128205128
062700034,с.Оселна,203.0,122.0,39.90147783251231,98.0,41.0,58.16326530612245,3.0,2.0,33.33333333333333,42.0,29.0,30.952380952380953,20.0,24.0,-20.0,4.0,3.0,25.0,6.0,7.0,-16.666666666666664
Общо,,203.0,122.0,39.90147783251231,98.0,41.0,58.16326530612245,3.0,2.0,33.33333333333333,42.0,29.0,30.952380952380953,20.0,24.0,-20.0,4.0,3.0,25.0,6.0,7.0,-16.666666666666664
293200014,с.Мрамор,201.0,121.0,39.800995024875625,139.0,55.0,60.431654676258994,4.0,5.0,-25.0,10.0,16.0,-60.0,17.0,18.0,-5.88235294117647,8.0,7.0,12.5,7.0,7.0,0.0
Общо,,201.0,121.0,39.800995024875625,139.0,55.0,60.431654676258994,4.0,5.0,-25.0,10.0,16.0,-60.0,17.0,18.0,-5.88235294117647,8.0,7.0,12.5,7.0,7.0,0.0
042200027,с.Върбовка,341.0,210.0,38.41642228739003,9.0,13.0,-44.44444444444444,214.0,66.0,69.1588785046729,75.0,79.0,-5.333333333333334,15.0,16.0,-6.666666666666667,3.0,4.0,-33.33333333333333,0.0,1.0,
042200028,с.Върбовка,207.0,120.0,42.028985507246375,2.0,2.0,0.0,133.0,58.0,56.390977443609025,48.0,36.0,25.0,8.0,10.0,-25.0,0.0,3.0,,2.0,3.0,-50.0
Общо,,548.0,330.0,39.78102189781022,11.0,15.0,-36.36363636363637,347.0,124.0,64.26512968299711,123.0,115.0,6.504065040650407,23.0,26.0,-13.043478260869565,3.0,7.0,-133.33333333333331,2.0,4.0,-100.0
050900076,с.Новоселци,227.0,137.0,39.647577092511014,78.0,38.0,51.28205128205128,5.0,10.0,-100.0,47.0,30.0,36.17021276595745,35.0,29.0,17.142857142857142,40.0,14.0,65.0,2.0,8.0,-300.0
Общо,,227.0,137.0,39.647577092511014,78.0,38.0,51.28205128205128,5.0,10.0,-100.0,47.0,30.0,36.17021276595745,35.0,29.0,17.142857142857142,40.0,14.0,65.0,2.0,8.0,-300.0
113400033,с.Калейца,260.0,157.0,39.61538461538461,82.0,40.0,51.21951219512195,1.0,0.0,100.0,59.0,32.0,45.76271186440678,50.0,38.0,24.0,3.0,4.0,-33.33333333333333,13.0,21.0,-61.53846153846154
Общо,,260.0,157.0,39.61538461538461,82.0,40.0,51.21951219512195,1.0,0.0,100.0,59.0,32.0,45.76271186440678,50.0,38.0,24.0,3.0,4.0,-33.33333333333333,13.0,21.0,-61.53846153846154
131900161,с.Говедаре,258.0,187.0,27.51937984496124,98.0,55.0,43.87755102040816,10.0,3.0,70.0,31.0,26.0,16.129032258064516,54.0,67.0,-24.074074074074073,4.0,5.0,-25.0,10.0,12.0,-20.0
131900162,с.Говедаре,132.0,49.0,62.878787878787875,19.0,13.0,31.57894736842105,56.0,2.0,96.42857142857143,30.0,10.0,66.66666666666666,18.0,13.0,27.77777777777778,1.0,1.0,0.0,1.0,2.0,-100.0
Общо,,390.0,236.0,39.48717948717949,117.0,68.0,41.88034188034188,66.0,5.0,92.42424242424242,61.0,36.0,40.98360655737705,72.0,80.0,-11.11111111111111,5.0,6.0,-20.0,11.0,14.0,-27.27272727272727
081500003,с.Батово,221.0,134.0,39.366515837104075,91.0,32.0,64.83516483516483,18.0,17.0,5.555555555555555,50.0,31.0,38.0,22.0,20.0,9.090909090909092,8.0,6.0,25.0,2.0,3.0,-50.0
Общо,,221.0,134.0,39.366515837104075,91.0,32.0,64.83516483516483,18.0,17.0,5.555555555555555,50.0,31.0,38.0,22.0,20.0,9.090909090909092,8.0,6.0,25.0,2.0,3.0,-50.0
132900024,с.Карабунар,289.0,243.0,15.916955017301039,99.0,74.0,25.252525252525253,2.0,0.0,100.0,103.0,87.0,15.53398058252427,46.0,54.0,-17.391304347826086,5.0,3.0,40.0,1.0,5.0,-400.0
132900025,с.Карабунар,344.0,141.0,59.01162790697675,87.0,57.0,34.48275862068966,152.0,1.0,99.3421052631579,37.0,36.0,2.7027027027027026,23.0,29.0,-26.08695652173913,5.0,2.0,60.0,4.0,2.0,50.0
Общо,,633.0,384.0,39.33649289099526,186.0,131.0,29.56989247311828,154.0,1.0,99.35064935064936,140.0,123.0,12.142857142857142,69.0,83.0,-20.28985507246377,10.0,5.0,50.0,5.0,7.0,-40.0
120400007,с.Мадан,367.0,223.0,39.23705722070845,90.0,35.0,61.111111111111114,46.0,34.0,26.08695652173913,31.0,30.0,3.225806451612903,29.0,52.0,-79.3103448275862,8.0,10.0,-25.0,0.0,2.0,
Общо,,367.0,223.0,39.23705722070845,90.0,35.0,61.111111111111114,46.0,34.0,26.08695652173913,31.0,30.0,3.225806451612903,29.0,52.0,-79.3103448275862,8.0,10.0,-25.0,0.0,2.0,
062100016,с.Ракево,572.0,304.0,46.85314685314685,399.0,82.0,79.4486215538847,4.0,1.0,75.0,43.0,50.0,-16.27906976744186,51.0,117.0,-129.41176470588235,7.0,15.0,-114.28571428571428,6.0,5.0,16.666666666666664
062100019,,,44.0,,,19.0,,,1.0,,,5.0,,,13.0,,,2.0,,,1.0,
Общо,,572.0,348.0,39.16083916083916,399.0,101.0,74.68671679197995,4.0,2.0,50.0,43.0,55.0,-27.906976744186046,51.0,130.0,-154.90196078431373,7.0,17.0,-142.85714285714286,6.0,6.0,0.0
030900019,с.Страхил,23.0,14.0,39.130434782608695,10.0,6.0,40.0,10.0,5.0,50.0,1.0,1.0,0.0,1.0,1.0,0.0,0.0,0.0,,0.0,1.0,
Общо,,23.0,14.0,39.130434782608695,10.0,6.0,40.0,10.0,5.0,50.0,1.0,1.0,0.0,1.0,1.0,0.0,0.0,0.0,,0.0,1.0,
181400003,с.Вазово,435.0,265.0,39.08045977011494,234.0,46.0,80.34188034188034,129.0,125.0,3.10077519379845,11.0,8.0,27.27272727272727,1.0,10.0,-900.0,0.0,2.0,,37.0,61.0,-64.86486486486487
Общо,,435.0,265.0,39.08045977011494,234.0,46.0,80.34188034188034,129.0,125.0,3.10077519379845,11.0,8.0,27.27272727272727,1.0,10.0,-900.0,0.0,2.0,,37.0,61.0,-64.86486486486487
292800042,с.Капитан Андреево,361.0,220.0,39.05817174515235,215.0,76.0,64.65116279069767,3.0,2.0,33.33333333333333,47.0,38.0,19.148936170212767,42.0,68.0,-61.904761904761905,13.0,13.0,0.0,9.0,4.0,55.55555555555556
Общо,,361.0,220.0,39.05817174515235,215.0,76.0,64.65116279069767,3.0,2.0,33.33333333333333,47.0,38.0,19.148936170212767,42.0,68.0,-61.904761904761905,13.0,13.0,0.0,9.0,4.0,55.55555555555556
020900055,с.Венец,95.0,58.0,38.94736842105263,48.0,15.0,68.75,1.0,1.0,0.0,31.0,12.0,61.29032258064516,4.0,8.0,-100.0,1.0,1.0,0.0,0.0,17.0,
Общо,,95.0,58.0,38.94736842105263,48.0,15.0,68.75,1.0,1.0,0.0,31.0,12.0,61.29032258064516,4.0,8.0,-100.0,1.0,1.0,0.0,0.0,17.0,
123800005,с.Дългоделци,204.0,97.0,52.450980392156865,91.0,13.0,85.71428571428571,42.0,34.0,19.047619047619047,34.0,24.0,29.411764705882355,16.0,22.0,-37.5,3.0,4.0,-33.33333333333333,0.0,0.0,
123800006,с.Дългоделци,149.0,119.0,20.13422818791946,58.0,30.0,48.275862068965516,36.0,12.0,66.66666666666666,19.0,20.0,-5.263157894736842,17.0,40.0,-135.29411764705884,3.0,6.0,-100.0,4.0,4.0,0.0
Общо,,353.0,216.0,38.81019830028329,149.0,43.0,71.14093959731544,78.0,46.0,41.02564102564102,53.0,44.0,16.9811320754717,33.0,62.0,-87.87878787878788,6.0,10.0,-66.66666666666666,4.0,4.0,0.0
122400035,с.Долно Линево,116.0,71.0,38.793103448275865,59.0,13.0,77.96610169491525,5.0,17.0,-240.0,17.0,22.0,-29.411764705882355,10.0,12.0,-20.0,1.0,0.0,100.0,1.0,5.0,-400.0
Общо,,116.0,71.0,38.793103448275865,59.0,13.0,77.96610169491525,5.0,17.0,-240.0,17.0,22.0,-29.411764705882355,10.0,12.0,-20.0,1.0,0.0,100.0,1.0,5.0,-400.0
212000171,с.Желю войвода,281.0,173.0,38.43416370106761,200.0,91.0,54.50000000000001,2.0,2.0,0.0,19.0,15.0,21.052631578947366,19.0,31.0,-63.1578947368421,11.0,14.0,-27.27272727272727,4.0,4.0,0.0
212000172,с.Желю войвода,374.0,231.0,38.23529411764706,297.0,122.0,58.92255892255892,4.0,2.0,50.0,27.0,14.0,48.148148148148145,19.0,23.0,-21.052631578947366,14.0,39.0,-178.57142857142858,0.0,2.0,
212000173,с.Желю войвода,415.0,251.0,39.51807228915663,299.0,140.0,53.17725752508361,1.0,2.0,-100.0,30.0,30.0,0.0,33.0,42.0,-27.27272727272727,12.0,9.0,25.0,2.0,6.0,-200.0
Общо,,1070.0,655.0,38.78504672897196,796.0,353.0,55.653266331658294,7.0,6.0,14.285714285714285,76.0,59.0,22.36842105263158,71.0,96.0,-35.2112676056338,37.0,62.0,-67.56756756756756,6.0,12.0,-100.0
192700204,с.Хотанца,204.0,125.0,38.72549019607843,63.0,31.0,50.79365079365079,4.0,0.0,100.0,81.0,53.0,34.5679012345679,30.0,24.0,20.0,2.0,10.0,-400.0,1.0,1.0,0.0
Общо,,204.0,125.0,38.72549019607843,63.0,31.0,50.79365079365079,4.0,0.0,100.0,81.0,53.0,34.5679012345679,30.0,24.0,20.0,2.0,10.0,-400.0,1.0,1.0,0.0
031300001,гр.Долни чифлик,357.0,296.0,17.086834733893557,180.0,122.0,32.22222222222222,0.0,2.0,,33.0,25.0,24.242424242424242,78.0,91.0,-16.666666666666664,11.0,10.0,9.090909090909092,3.0,8.0,-166.66666666666669
031300002,гр.Долни чифлик,401.0,336.0,16.209476309226932,169.0,113.0,33.13609467455622,2.0,1.0,50.0,39.0,43.0,-10.256410256410255,64.0,89.0,-39.0625,23.0,30.0,-30.434782608695656,23.0,21.0,8.695652173913043
031300003,гр.Долни чифлик,407.0,267.0,34.3980343980344,228.0,99.0,56.57894736842105,0.0,3.0,,57.0,51.0,10.526315789473683,60.0,69.0,-15.0,12.0,9.0,25.0,3.0,5.0,-66.66666666666666
031300004,гр.Долни чифлик,349.0,235.0,32.664756446991404,143.0,66.0,53.84615384615385,47.0,25.0,46.808510638297875,48.0,33.0,31.25,60.0,70.0,-16.666666666666664,8.0,12.0,-50.0,5.0,9.0,-80.0
031300005,гр.Долни чифлик,311.0,77.0,75.2411575562701,116.0,15.0,87.06896551724138,137.0,23.0,83.21167883211679,26.0,20.0,23.076923076923077,7.0,6.0,14.285714285714285,5.0,8.0,-60.0,1.0,0.0,100.0
031300006,гр.Долни чифлик,381.0,176.0,53.805774278215225,191.0,38.0,80.10471204188482,86.0,50.0,41.86046511627907,46.0,20.0,56.52173913043478,23.0,36.0,-56.52173913043478,4.0,10.0,-150.0,0.0,5.0,
031300007,гр.Долни чифлик,328.0,182.0,44.51219512195122,165.0,77.0,53.333333333333336,60.0,11.0,81.66666666666667,41.0,19.0,53.65853658536586,23.0,50.0,-117.3913043478261,5.0,3.0,40.0,3.0,4.0,-33.33333333333333
031300030,гр.Долни чифлик,26.0,,,24.0,,,0.0,,,1.0,,,1.0,,,0.0,,,0.0,,
Общо,,2560.0,1569.0,38.7109375,1216.0,530.0,56.414473684210535,332.0,115.0,65.36144578313254,291.0,211.0,27.491408934707906,316.0,411.0,-30.063291139240505,68.0,82.0,-20.588235294117645,38.0,52.0,-36.84210526315789
031300008,с.Пчелник,269.0,188.0,30.111524163568777,85.0,47.0,44.70588235294118,33.0,33.0,0.0,38.0,35.0,7.894736842105263,35.0,36.0,-2.857142857142857,9.0,8.0,11.11111111111111,6.0,1.0,83.33333333333334
031300009,с.Пчелник,315.0,171.0,45.714285714285715,115.0,50.0,56.52173913043478,130.0,71.0,45.38461538461539,18.0,17.0,5.555555555555555,17.0,18.0,-5.88235294117647,2.0,3.0,-50.0,1.0,1.0,0.0
Общо,,584.0,359.0,38.52739726027397,200.0,97.0,51.5,163.0,104.0,36.19631901840491,56.0,52.0,7.142857142857142,52.0,54.0,-3.8461538461538463,11.0,11.0,0.0,7.0,2.0,71.42857142857143
131900155,с.Братаница,377.0,271.0,28.116710875331563,130.0,67.0,48.46153846153846,0.0,0.0,,53.0,40.0,24.528301886792452,90.0,92.0,-2.2222222222222223,24.0,14.0,41.66666666666667,9.0,15.0,-66.66666666666666
131900156,с.Братаница,226.0,100.0,55.75221238938053,118.0,22.0,81.35593220338984,21.0,3.0,85.71428571428571,36.0,19.0,47.22222222222222,20.0,27.0,-35.0,4.0,5.0,-25.0,2.0,3.0,-50.0
Общо,,603.0,371.0,38.47429519071311,248.0,89.0,64.11290322580645,21.0,3.0,85.71428571428571,89.0,59.0,33.70786516853933,110.0,119.0,-8.181818181818182,28.0,19.0,32.142857142857146,11.0,18.0,-63.63636363636363
131900179,с.Огняново,263.0,213.0,19.011406844106464,77.0,74.0,3.896103896103896,0.0,0.0,,44.0,31.0,29.545454545454547,71.0,69.0,2.8169014084507045,10.0,5.0,50.0,11.0,8.0,27.27272727272727
131900180,с.Огняново,255.0,89.0,65.09803921568627,109.0,31.0,71.55963302752293,28.0,0.0,100.0,21.0,12.0,42.857142857142854,64.0,34.0,46.875,7.0,1.0,85.71428571428571,4.0,2.0,50.0
131900203,с.Огняново,231.0,159.0,31.16883116883117,68.0,51.0,25.0,5.0,0.0,100.0,35.0,18.0,48.57142857142857,77.0,61.0,20.77922077922078,8.0,14.0,-75.0,7.0,8.0,-14.285714285714285
Общо,,749.0,461.0,38.45126835781041,254.0,156.0,38.582677165354326,33.0,0.0,100.0,100.0,61.0,39.0,212.0,164.0,22.641509433962266,25.0,20.0,20.0,22.0,18.0,18.181818181818183
053700007,с.Горни Лом,119.0,81.0,31.932773109243694,78.0,23.0,70.51282051282051,5.0,12.0,-140.0,18.0,17.0,5.555555555555555,9.0,16.0,-77.77777777777779,2.0,5.0,-150.0,2.0,5.0,-150.0
053700008,с.Горни Лом,157.0,89.0,43.31210191082803,92.0,44.0,52.17391304347826,16.0,12.0,25.0,16.0,10.0,37.5,14.0,13.0,7.142857142857142,6.0,2.0,66.66666666666666,1.0,6.0,-500.0
Общо,,276.0,170.0,38.405797101449274,170.0,67.0,60.588235294117645,21.0,24.0,-14.285714285714285,34.0,27.0,20.588235294117645,23.0,29.0,-26.08695652173913,8.0,7.0,12.5,3.0,11.0,-266.66666666666663
062100001,гр.Криводол,263.0,185.0,29.65779467680608,112.0,42.0,62.5,7.0,0.0,100.0,50.0,32.0,36.0,30.0,64.0,-113.33333333333333,6.0,15.0,-150.0,2.0,5.0,-150.0
062100002,гр.Криводол,294.0,213.0,27.55102040816326,135.0,66.0,51.11111111111111,2.0,3.0,-50.0,40.0,31.0,22.5,43.0,70.0,-62.7906976744186,11.0,17.0,-54.54545454545454,2.0,3.0,-50.0
062100003,гр.Криводол,317.0,244.0,23.02839116719243,94.0,57.0,39.361702127659576,9.0,4.0,55.55555555555556,58.0,40.0,31.03448275862069,56.0,75.0,-33.92857142857143,12.0,19.0,-58.333333333333336,7.0,10.0,-42.857142857142854
062100004,гр.Криводол,389.0,242.0,37.789203084832906,234.0,44.0,81.19658119658119,10.0,3.0,70.0,46.0,47.0,-2.1739130434782608,44.0,94.0,-113.63636363636364,11.0,22.0,-100.0,3.0,5.0,-66.66666666666666
062100019,гр.Криводол,62.0,,,39.0,,,2.0,,,6.0,,,7.0,,,0.0,,,0.0,,
062100020,гр.Криводол,46.0,,,32.0,,,0.0,,,7.0,,,2.0,,,0.0,,,1.0,,
062100021,гр.Криводол,44.0,,,18.0,,,2.0,,,15.0,,,4.0,,,1.0,,,0.0,,
062100022,гр.Криводол,20.0,,,12.0,,,3.0,,,1.0,,,1.0,,,0.0,,,0.0,,
Общо,,1435.0,884.0,38.397212543554005,676.0,209.0,69.0828402366864,35.0,10.0,71.42857142857143,223.0,150.0,32.73542600896861,187.0,303.0,-62.03208556149733,41.0,73.0,-78.04878048780488,15.0,23.0,-53.333333333333336
120700009,с.Василовци,265.0,176.0,33.58490566037736,146.0,53.0,63.6986301369863,30.0,21.0,30.0,32.0,28.0,12.5,25.0,53.0,-112.00000000000001,2.0,3.0,-50.0,5.0,9.0,-80.0
120700010,с.Василовци,303.0,174.0,42.57425742574257,150.0,51.0,66.0,38.0,7.0,81.57894736842105,37.0,44.0,-18.91891891891892,42.0,49.0,-16.666666666666664,9.0,6.0,33.33333333333333,0.0,1.0,
Общо,,568.0,350.0,38.38028169014084,296.0,104.0,64.86486486486487,68.0,28.0,58.82352941176471,69.0,72.0,-4.3478260869565215,67.0,102.0,-52.23880597014925,11.0,9.0,18.181818181818183,5.0,10.0,-100.0
081200043,с.Спасово,123.0,63.0,48.78048780487805,21.0,8.0,61.904761904761905,5.0,6.0,-20.0,49.0,28.0,42.857142857142854,8.0,7.0,12.5,1.0,2.0,-100.0,6.0,3.0,50.0
081200044,с.Спасово,83.0,64.0,22.89156626506024,16.0,12.0,25.0,9.0,9.0,0.0,31.0,11.0,64.51612903225806,4.0,9.0,-125.0,0.0,6.0,,4.0,6.0,-50.0
Общо,,206.0,127.0,38.349514563106794,37.0,20.0,45.94594594594595,14.0,15.0,-7.142857142857142,80.0,39.0,51.24999999999999,12.0,16.0,-33.33333333333333,1.0,8.0,-700.0,10.0,9.0,10.0
043100013,с.Камен,290.0,174.0,40.0,93.0,12.0,87.09677419354838,88.0,43.0,51.13636363636363,47.0,40.0,14.893617021276595,30.0,47.0,-56.666666666666664,3.0,6.0,-100.0,11.0,12.0,-9.090909090909092
043100014,с.Камен,331.0,209.0,36.85800604229607,133.0,40.0,69.92481203007519,113.0,50.0,55.75221238938053,38.0,51.0,-34.21052631578947,27.0,43.0,-59.25925925925925,1.0,2.0,-100.0,3.0,3.0,0.0
Общо,,621.0,383.0,38.32528180354267,226.0,52.0,76.99115044247787,201.0,93.0,53.73134328358209,85.0,91.0,-7.0588235294117645,57.0,90.0,-57.89473684210527,4.0,8.0,-100.0,14.0,15.0,-7.142857142857142
302200027,с.Мировци,94.0,58.0,38.297872340425535,12.0,15.0,-25.0,21.0,3.0,85.71428571428571,21.0,15.0,28.57142857142857,15.0,18.0,-20.0,2.0,1.0,50.0,2.0,1.0,50.0
Общо,,94.0,58.0,38.297872340425535,12.0,15.0,-25.0,21.0,3.0,85.71428571428571,21.0,15.0,28.57142857142857,15.0,18.0,-20.0,2.0,1.0,50.0,2.0,1.0,50.0
130800043,с.Света Петка,388.0,206.0,46.90721649484536,183.0,58.0,68.30601092896174,174.0,119.0,31.60919540229885,7.0,4.0,42.857142857142854,12.0,19.0,-58.333333333333336,4.0,1.0,75.0,0.0,2.0,
130800044,с.Света Петка,319.0,231.0,27.586206896551722,122.0,51.0,58.19672131147541,172.0,148.0,13.953488372093023,2.0,5.0,-150.0,17.0,18.0,-5.88235294117647,1.0,3.0,-200.0,1.0,4.0,-300.0
Общо,,707.0,437.0,38.189533239038184,305.0,109.0,64.26229508196721,346.0,267.0,22.832369942196532,9.0,9.0,0.0,29.0,37.0,-27.586206896551722,5.0,4.0,20.0,1.0,6.0,-500.0
153700002,с.Глава,231.0,135.0,41.55844155844156,120.0,53.0,55.833333333333336,42.0,17.0,59.523809523809526,8.0,19.0,-137.5,26.0,27.0,-3.8461538461538463,11.0,10.0,9.090909090909092,0.0,0.0,
153700003,с.Глава,314.0,202.0,35.6687898089172,178.0,58.0,67.41573033707866,59.0,42.0,28.8135593220339,26.0,42.0,-61.53846153846154,23.0,42.0,-82.6086956521739,8.0,6.0,25.0,0.0,0.0,
Общо,,545.0,337.0,38.1651376146789,298.0,111.0,62.751677852349,101.0,59.0,41.584158415841586,34.0,61.0,-79.41176470588235,49.0,69.0,-40.816326530612244,19.0,16.0,15.789473684210526,0.0,0.0,
102700014,с.Цървище,42.0,26.0,38.095238095238095,31.0,15.0,51.61290322580645,1.0,1.0,0.0,2.0,5.0,-150.0,5.0,4.0,20.0,1.0,0.0,100.0,0.0,0.0,
Общо,,42.0,26.0,38.095238095238095,31.0,15.0,51.61290322580645,1.0,1.0,0.0,2.0,5.0,-150.0,5.0,4.0,20.0,1.0,0.0,100.0,0.0,0.0,
102700012,с.Боровец,42.0,26.0,38.095238095238095,25.0,11.0,56.00000000000001,2.0,0.0,100.0,7.0,9.0,-28.57142857142857,4.0,2.0,50.0,2.0,3.0,-50.0,0.0,0.0,
Общо,,42.0,26.0,38.095238095238095,25.0,11.0,56.00000000000001,2.0,0.0,100.0,7.0,9.0,-28.57142857142857,4.0,2.0,50.0,2.0,3.0,-50.0,0.0,0.0,
212000177,с.Калояново,331.0,205.0,38.066465256797585,139.0,65.0,53.23741007194245,66.0,13.0,80.3030303030303,45.0,54.0,-20.0,32.0,37.0,-15.625,21.0,13.0,38.095238095238095,7.0,9.0,-28.57142857142857
Общо,,331.0,205.0,38.066465256797585,139.0,65.0,53.23741007194245,66.0,13.0,80.3030303030303,45.0,54.0,-20.0,32.0,37.0,-15.625,21.0,13.0,38.095238095238095,7.0,9.0,-28.57142857142857
212000164,с.Глуфишево,208.0,129.0,37.980769230769226,55.0,42.0,23.636363636363637,55.0,0.0,100.0,39.0,21.0,46.15384615384615,22.0,36.0,-63.63636363636363,9.0,15.0,-66.66666666666666,1.0,6.0,-500.0
Общо,,208.0,129.0,37.980769230769226,55.0,42.0,23.636363636363637,55.0,0.0,100.0,39.0,21.0,46.15384615384615,22.0,36.0,-63.63636363636363,9.0,15.0,-66.66666666666666,1.0,6.0,-500.0
132400013,с.Дорково,427.0,306.0,28.337236533957842,177.0,91.0,48.58757062146893,76.0,45.0,40.78947368421053,77.0,69.0,10.38961038961039,48.0,63.0,-31.25,4.0,7.0,-75.0,8.0,9.0,-12.5
132400014,с.Дорково,440.0,261.0,40.68181818181818,151.0,66.0,56.29139072847682,104.0,35.0,66.34615384615384,71.0,64.0,9.859154929577464,59.0,54.0,8.47457627118644,3.0,6.0,-100.0,9.0,14.0,-55.55555555555556
132400015,с.Дорково,430.0,238.0,44.651162790697676,131.0,37.0,71.7557251908397,167.0,75.0,55.08982035928144,25.0,37.0,-48.0,44.0,55.0,-25.0,5.0,5.0,0.0,18.0,21.0,-16.666666666666664
Общо,,1297.0,805.0,37.933693138010796,459.0,194.0,57.73420479302832,347.0,155.0,55.3314121037464,173.0,170.0,1.7341040462427744,151.0,172.0,-13.90728476821192,12.0,18.0,-50.0,35.0,44.0,-25.71428571428571
014900014,с.Никудин,37.0,23.0,37.83783783783784,6.0,6.0,0.0,0.0,0.0,,10.0,3.0,70.0,2.0,3.0,-50.0,1.0,5.0,-400.0,0.0,0.0,
Общо,,37.0,23.0,37.83783783783784,6.0,6.0,0.0,0.0,0.0,,10.0,3.0,70.0,2.0,3.0,-50.0,1.0,5.0,-400.0,0.0,0.0,
010300121,с.Покровник,439.0,273.0,37.81321184510251,184.0,63.0,65.76086956521739,20.0,14.0,30.0,42.0,20.0,52.38095238095239,80.0,87.0,-8.75,13.0,16.0,-23.076923076923077,23.0,22.0,4.3478260869565215
Общо,,439.0,273.0,37.81321184510251,184.0,63.0,65.76086956521739,20.0,14.0,30.0,42.0,20.0,52.38095238095239,80.0,87.0,-8.75,13.0,16.0,-23.076923076923077,23.0,22.0,4.3478260869565215
111900024,с.Бежаново,181.0,105.0,41.988950276243095,59.0,34.0,42.3728813559322,40.0,16.0,60.0,18.0,9.0,50.0,38.0,29.0,23.684210526315788,5.0,6.0,-20.0,0.0,3.0,
111900025,с.Бежаново,147.0,99.0,32.6530612244898,38.0,26.0,31.57894736842105,25.0,3.0,88.0,27.0,21.0,22.22222222222222,22.0,21.0,4.545454545454546,3.0,9.0,-200.0,9.0,9.0,0.0
Общо,,328.0,204.0,37.80487804878049,97.0,60.0,38.144329896907216,65.0,19.0,70.76923076923077,45.0,30.0,33.33333333333333,60.0,50.0,16.666666666666664,8.0,15.0,-87.5,9.0,12.0,-33.33333333333333
111900020,с.Дерманци,259.0,183.0,29.343629343629345,106.0,48.0,54.71698113207547,10.0,4.0,60.0,55.0,42.0,23.636363636363637,56.0,65.0,-16.071428571428573,8.0,8.0,0.0,4.0,5.0,-25.0
111900021,с.Дерманци,200.0,160.0,20.0,74.0,36.0,51.35135135135135,9.0,3.0,66.66666666666666,36.0,45.0,-25.0,53.0,47.0,11.320754716981133,6.0,4.0,33.33333333333333,1.0,4.0,-300.0
111900022,с.Дерманци,359.0,166.0,53.760445682451255,172.0,31.0,81.97674418604652,44.0,30.0,31.818181818181817,44.0,33.0,25.0,64.0,43.0,32.8125,14.0,8.0,42.857142857142854,7.0,10.0,-42.857142857142854
Общо,,818.0,509.0,37.775061124694375,352.0,115.0,67.32954545454545,63.0,37.0,41.269841269841265,135.0,120.0,11.11111111111111,173.0,155.0,10.404624277456648,28.0,20.0,28.57142857142857,12.0,19.0,-58.333333333333336
152400230,с.Търнене,257.0,160.0,37.7431906614786,68.0,29.0,57.35294117647059,84.0,4.0,95.23809523809523,34.0,34.0,0.0,24.0,39.0,-62.5,7.0,4.0,42.857142857142854,13.0,37.0,-184.6153846153846
Общо,,257.0,160.0,37.7431906614786,68.0,29.0,57.35294117647059,84.0,4.0,95.23809523809523,34.0,34.0,0.0,24.0,39.0,-62.5,7.0,4.0,42.857142857142854,13.0,37.0,-184.6153846153846
015200004,с.Блатска,266.0,166.0,37.59398496240601,156.0,49.0,68.58974358974359,64.0,60.0,6.25,11.0,16.0,-45.45454545454545,9.0,24.0,-166.66666666666669,8.0,10.0,-25.0,0.0,0.0,
Общо,,266.0,166.0,37.59398496240601,156.0,49.0,68.58974358974359,64.0,60.0,6.25,11.0,16.0,-45.45454545454545,9.0,24.0,-166.66666666666669,8.0,10.0,-25.0,0.0,0.0,
021700045,с.Страцин,211.0,146.0,30.80568720379147,10.0,8.0,20.0,159.0,107.0,32.70440251572327,17.0,8.0,52.94117647058824,6.0,9.0,-50.0,3.0,4.0,-33.33333333333333,1.0,1.0,0.0
021700046,с.Страцин,292.0,168.0,42.465753424657535,9.0,14.0,-55.55555555555556,230.0,126.0,45.21739130434783,12.0,8.0,33.33333333333333,14.0,10.0,28.57142857142857,9.0,2.0,77.77777777777779,1.0,1.0,0.0
Общо,,503.0,314.0,37.57455268389662,19.0,22.0,-15.789473684210526,389.0,233.0,40.102827763496144,29.0,16.0,44.827586206896555,20.0,19.0,5.0,12.0,6.0,50.0,2.0,2.0,0.0
082000006,с.Лозенец,181.0,113.0,37.569060773480665,94.0,17.0,81.91489361702128,58.0,55.0,5.172413793103448,17.0,12.0,29.411764705882355,2.0,17.0,-750.0,1.0,3.0,-200.0,1.0,3.0,-200.0
Общо,,181.0,113.0,37.569060773480665,94.0,17.0,81.91489361702128,58.0,55.0,5.172413793103448,17.0,12.0,29.411764705882355,2.0,17.0,-750.0,1.0,3.0,-200.0,1.0,3.0,-200.0
131400003,с.Динката,182.0,123.0,32.417582417582416,36.0,25.0,30.555555555555557,16.0,15.0,6.25,35.0,32.0,8.571428571428571,40.0,32.0,20.0,4.0,10.0,-150.0,1.0,2.0,-100.0
131400010,с.Динката,239.0,140.0,41.42259414225941,62.0,20.0,67.74193548387096,89.0,93.0,-4.49438202247191,8.0,9.0,-12.5,17.0,12.0,29.411764705882355,0.0,2.0,,0.0,0.0,
Общо,,421.0,263.0,37.52969121140142,98.0,45.0,54.08163265306123,105.0,108.0,-2.857142857142857,43.0,41.0,4.651162790697675,57.0,44.0,22.807017543859647,4.0,12.0,-200.0,1.0,2.0,-100.0
293400124,с.Брягово,144.0,90.0,37.5,66.0,13.0,80.3030303030303,10.0,13.0,-30.0,38.0,41.0,-7.894736842105263,8.0,10.0,-25.0,3.0,1.0,66.66666666666666,3.0,4.0,-33.33333333333333
Общо,,144.0,90.0,37.5,66.0,13.0,80.3030303030303,10.0,13.0,-30.0,38.0,41.0,-7.894736842105263,8.0,10.0,-25.0,3.0,1.0,66.66666666666666,3.0,4.0,-33.33333333333333
212400009,с.Сборище,268.0,211.0,21.26865671641791,82.0,61.0,25.609756097560975,2.0,2.0,0.0,65.0,43.0,33.84615384615385,46.0,53.0,-15.217391304347828,17.0,14.0,17.647058823529413,14.0,11.0,21.428571428571427
212400010,с.Сборище,253.0,116.0,54.1501976284585,59.0,46.0,22.033898305084744,92.0,2.0,97.82608695652173,39.0,22.0,43.58974358974359,23.0,18.0,21.73913043478261,2.0,3.0,-50.0,5.0,7.0,-40.0
Общо,,521.0,327.0,37.23608445297505,141.0,107.0,24.113475177304963,94.0,4.0,95.74468085106383,104.0,65.0,37.5,69.0,71.0,-2.898550724637681,19.0,17.0,10.526315789473683,19.0,18.0,5.263157894736842
221800016,с.Средец,180.0,113.0,37.22222222222222,75.0,24.0,68.0,12.0,6.0,50.0,51.0,39.0,23.52941176470588,9.0,18.0,-100.0,16.0,13.0,18.75,7.0,5.0,28.57142857142857
Общо,,180.0,113.0,37.22222222222222,75.0,24.0,68.0,12.0,6.0,50.0,51.0,39.0,23.52941176470588,9.0,18.0,-100.0,16.0,13.0,18.75,7.0,5.0,28.57142857142857
282200040,с.Паничино,78.0,49.0,37.17948717948718,6.0,8.0,-33.33333333333333,60.0,31.0,48.333333333333336,7.0,1.0,85.71428571428571,2.0,5.0,-150.0,0.0,1.0,,0.0,2.0,
Общо,,78.0,49.0,37.17948717948718,6.0,8.0,-33.33333333333333,60.0,31.0,48.333333333333336,7.0,1.0,85.71428571428571,2.0,5.0,-150.0,0.0,1.0,,0.0,2.0,
310700022,с.Изгрев,170.0,107.0,37.05882352941177,47.0,27.0,42.5531914893617,3.0,3.0,0.0,63.0,23.0,63.49206349206349,32.0,27.0,15.625,3.0,1.0,66.66666666666666,2.0,4.0,-100.0
Общо,,170.0,107.0,37.05882352941177,47.0,27.0,42.5531914893617,3.0,3.0,0.0,63.0,23.0,63.49206349206349,32.0,27.0,15.625,3.0,1.0,66.66666666666666,2.0,4.0,-100.0
103100010,с.Лиляч,54.0,34.0,37.03703703703704,19.0,12.0,36.84210526315789,2.0,2.0,0.0,20.0,8.0,60.0,0.0,8.0,,1.0,1.0,0.0,0.0,0.0,
Общо,,54.0,34.0,37.03703703703704,19.0,12.0,36.84210526315789,2.0,2.0,0.0,20.0,8.0,60.0,0.0,8.0,,1.0,1.0,0.0,0.0,0.0,
021700010,с.Гълъбец,208.0,111.0,46.63461538461539,33.0,12.0,63.63636363636363,106.0,76.0,28.30188679245283,20.0,3.0,85.0,8.0,8.0,0.0,2.0,4.0,-100.0,0.0,4.0,
021700011,с.Гълъбец,246.0,175.0,28.86178861788618,30.0,27.0,10.0,148.0,91.0,38.513513513513516,17.0,12.0,29.411764705882355,18.0,25.0,-38.88888888888889,5.0,3.0,40.0,4.0,5.0,-25.0
Общо,,454.0,286.0,37.00440528634361,63.0,39.0,38.095238095238095,254.0,167.0,34.25196850393701,37.0,15.0,59.45945945945946,26.0,33.0,-26.923076923076923,7.0,7.0,0.0,4.0,9.0,-125.0
050900118,с.Буковец,238.0,150.0,36.97478991596639,58.0,41.0,29.310344827586203,6.0,5.0,16.666666666666664,42.0,24.0,42.857142857142854,35.0,44.0,-25.71428571428571,7.0,1.0,85.71428571428571,6.0,5.0,16.666666666666664
Общо,,238.0,150.0,36.97478991596639,58.0,41.0,29.310344827586203,6.0,5.0,16.666666666666664,42.0,24.0,42.857142857142854,35.0,44.0,-25.71428571428571,7.0,1.0,85.71428571428571,6.0,5.0,16.666666666666664
283500058,с.Голямо Соколово,211.0,133.0,36.96682464454976,26.0,18.0,30.76923076923077,130.0,85.0,34.61538461538461,9.0,11.0,-22.22222222222222,5.0,9.0,-80.0,2.0,2.0,0.0,2.0,1.0,50.0
Общо,,211.0,133.0,36.96682464454976,26.0,18.0,30.76923076923077,130.0,85.0,34.61538461538461,9.0,11.0,-22.22222222222222,5.0,9.0,-80.0,2.0,2.0,0.0,2.0,1.0,50.0
061000102,с.Девене,393.0,248.0,36.895674300254456,182.0,76.0,58.24175824175825,17.0,6.0,64.70588235294117,82.0,63.0,23.170731707317074,58.0,61.0,-5.172413793103448,8.0,18.0,-125.0,3.0,4.0,-33.33333333333333
Общо,,393.0,248.0,36.895674300254456,182.0,76.0,58.24175824175825,17.0,6.0,64.70588235294117,82.0,63.0,23.170731707317074,58.0,61.0,-5.172413793103448,8.0,18.0,-125.0,3.0,4.0,-33.33333333333333
273600020,с.Зетьово,356.0,231.0,35.1123595505618,240.0,128.0,46.666666666666664,11.0,1.0,90.9090909090909,37.0,26.0,29.72972972972973,45.0,49.0,-8.88888888888889,7.0,4.0,42.857142857142854,2.0,4.0,-100.0
273600021,с.Зетьово,328.0,201.0,38.71951219512195,203.0,129.0,36.45320197044335,17.0,1.0,94.11764705882352,33.0,23.0,30.303030303030305,44.0,27.0,38.63636363636363,5.0,4.0,20.0,9.0,4.0,55.55555555555556
Общо,,684.0,432.0,36.84210526315789,443.0,257.0,41.98645598194131,28.0,2.0,92.85714285714286,70.0,49.0,30.0,89.0,76.0,14.606741573033707,12.0,8.0,33.33333333333333,11.0,8.0,27.27272727272727
131900197,с.Пищигово,372.0,235.0,36.82795698924731,149.0,98.0,34.22818791946309,77.0,0.0,100.0,69.0,41.0,40.57971014492754,37.0,62.0,-67.56756756756756,12.0,12.0,0.0,1.0,2.0,-100.0
Общо,,372.0,235.0,36.82795698924731,149.0,98.0,34.22818791946309,77.0,0.0,100.0,69.0,41.0,40.57971014492754,37.0,62.0,-67.56756756756756,12.0,12.0,0.0,1.0,2.0,-100.0
121100011,с.Мокреш,217.0,136.0,37.327188940092164,62.0,8.0,87.09677419354838,62.0,48.0,22.58064516129032,25.0,25.0,0.0,12.0,41.0,-241.66666666666666,1.0,0.0,100.0,3.0,4.0,-33.33333333333333
121100012,с.Мокреш,137.0,88.0,35.76642335766424,41.0,8.0,80.48780487804879,32.0,30.0,6.25,15.0,13.0,13.333333333333334,12.0,18.0,-50.0,0.0,1.0,,0.0,0.0,
Общо,,354.0,224.0,36.72316384180791,103.0,16.0,84.46601941747572,94.0,78.0,17.02127659574468,40.0,38.0,5.0,24.0,59.0,-145.83333333333331,1.0,1.0,0.0,3.0,4.0,-33.33333333333333
121100014,с.Разград,103.0,61.0,40.77669902912621,53.0,16.0,69.81132075471697,13.0,14.0,-7.6923076923076925,17.0,11.0,35.294117647058826,2.0,9.0,-350.0,2.0,2.0,0.0,1.0,3.0,-200.0
121100015,с.Разград,211.0,138.0,34.59715639810427,67.0,17.0,74.6268656716418,71.0,73.0,-2.8169014084507045,20.0,17.0,15.0,7.0,13.0,-85.71428571428571,0.0,4.0,,0.0,0.0,
Общо,,314.0,199.0,36.624203821656046,120.0,33.0,72.5,84.0,87.0,-3.571428571428571,37.0,28.0,24.324324324324326,9.0,22.0,-144.44444444444443,2.0,6.0,-200.0,1.0,3.0,-200.0
111900011,с.Карлуково,291.0,167.0,42.61168384879725,48.0,33.0,31.25,112.0,25.0,77.67857142857143,47.0,41.0,12.76595744680851,48.0,42.0,12.5,10.0,9.0,10.0,3.0,3.0,0.0
111900027,с.Карлуково,34.0,39.0,-14.705882352941178,7.0,15.0,-114.28571428571428,2.0,3.0,-50.0,7.0,6.0,14.285714285714285,4.0,13.0,-225.0,0.0,1.0,,3.0,0.0,100.0
Общо,,325.0,206.0,36.61538461538461,55.0,48.0,12.727272727272727,114.0,28.0,75.43859649122807,54.0,47.0,12.962962962962962,52.0,55.0,-5.769230769230769,10.0,10.0,0.0,6.0,3.0,50.0
