municipality_name,ГЕРБ,БСП,ОБЕДИНЕНИ ПАТРИОТИ,ДПС,невалидни,ВОЛЯ,РБ-ГЛАС НАРОДЕН,"Зелените, ДЕОС",ДОСТ,не подкрепям никого,ДСБ (коалиция),АБВ/Движение 21,ВЪЗР,Партия на ЗЕЛЕНИТЕ,БЪЛГАРСКА ПРОЛЕТ,ДНБ,КОАЛИЦИЯ НА НЕДОВОЛНИТЕ,ПП ДРОМ,независими1,БНО,БДЦ,КОЙ,НРП,независими2,ДВИЖЕНИЕ ПРЕЗАРЕДИ БЪЛГАРИЯ,eligible_voters,region,region_name,n_stations,total,activity,nuts4
Аврен,1568,1021,264,627,314,373,28,29,15,50,26,31,21,7,11,6,12,2,2.0,2,2,0,6,3.0,0,7031,3,03. ВАРНА,17,4420.0,0.6286445740292989,VAR01
Айтос,3398,2641,988,2511,807,640,285,72,2072,219,80,75,53,23,17,35,20,9,0.0,3,8,4,13,0.0,0,28071,2,02. БУРГАС,50,13973.0,0.4977735029033522,BGS01
Аксаково,3347,2340,728,766,646,950,107,101,12,158,110,134,82,20,19,21,15,3,16.0,8,1,3,7,8.0,0,16647,3,03. ВАРНА,33,9602.0,0.5768006247371898,VAR02
Алфатар,569,462,170,224,67,44,31,0,20,19,2,14,7,2,1,3,2,0,0.0,2,2,2,1,0.0,0,2753,20,20. СИЛИСТРА,10,1644.0,0.5971667272066836,SLS01
Антон,206,256,81,48,42,47,33,17,0,22,10,7,5,1,0,1,3,0,0.0,0,0,1,0,0.0,0,1307,26,26. СОФИЯ област,2,780.0,0.5967865340474369,SFO54
Антоново,600,442,120,2007,119,36,21,6,145,42,17,6,7,3,3,1,1,1,0.0,2,0,3,2,0.0,0,5726,28,28. ТЪРГОВИЩЕ,39,3584.0,0.6259168704156479,TGV02
Априлци,579,527,255,57,50,80,27,29,0,51,23,27,11,6,1,4,2,0,2.0,2,0,0,0,0.0,0,2664,11,11. ЛОВЕЧ,7,1733.0,0.6505255255255256,LOV02
Ардино,1032,669,41,4805,283,64,6,14,956,70,10,10,8,8,2,7,5,1,0.0,1,5,2,0,0.0,0,23607,9,09. КЪРДЖАЛИ,55,7999.0,0.33884017452450543,KRZ02
Асеновград,10119,8357,2463,4156,1928,1138,763,615,2017,658,433,435,166,73,98,40,40,17,0.0,23,13,14,10,0.0,0,58997,17,17. ПЛОВДИВ област,107,33576.0,0.5691136837466312,PDV01
Балчик,1716,2781,1076,823,461,623,135,146,221,136,89,246,93,25,24,24,15,28,0.0,9,0,5,0,0.0,0,18094,8,08. ДОБРИЧ,36,8676.0,0.4794959655134299,DOB03
Баните,859,894,142,357,161,51,23,6,43,37,51,10,4,3,2,3,5,1,30.0,1,2,0,0,0.0,0,4168,22,22. СМОЛЯН,17,2685.0,0.644193857965451,SML02
Банско,3735,1781,529,302,531,706,147,47,73,129,115,39,64,7,9,35,7,4,2.0,5,12,4,3,0.0,0,11357,1,01. БЛАГОЕВГРАД,23,8286.0,0.7295940829444395,BLG01
Батак,775,669,232,1196,142,94,80,18,90,33,20,37,2,1,4,2,0,1,0.0,2,2,5,4,0.0,0,5516,13,13. ПАЗАРДЖИК,9,3409.0,0.618020304568528,PAZ03
Белене,862,2156,512,95,292,263,119,100,6,177,52,143,45,7,15,11,10,2,5.0,6,22,3,7,0.0,0,8753,15,15. ПЛЕВЕН,17,4910.0,0.5609505312464298,PVN03
Белица,847,492,90,3366,352,50,32,4,334,71,15,34,5,3,4,9,3,3,0.0,1,1,0,6,0.0,0,8037,1,01. БЛАГОЕВГРАД,18,5722.0,0.7119571979594376,BLG02
Белово,1497,1681,512,31,285,161,201,54,8,91,42,20,33,10,13,11,10,2,0.0,4,3,5,4,0.0,0,7935,13,13. ПАЗАРДЖИК,12,4678.0,0.5895400126023944,PAZ04
Белоградчик,640,1165,217,149,83,89,114,23,4,117,234,69,28,3,8,11,5,1,0.0,2,0,1,3,0.0,0,5808,5,05. ВИДИН,21,2966.0,0.5106749311294766,VID01
Белослав,1190,1320,552,184,267,640,84,44,78,110,57,48,39,11,7,8,6,5,16.0,12,6,6,2,4.0,0,9363,3,03. ВАРНА,14,4696.0,0.5015486489373064,VAR04
Берковица,2431,2934,691,907,499,335,333,64,7,274,87,82,76,23,15,13,15,8,0.0,16,3,2,10,0.0,0,16631,12,12. МОНТАНА,40,8825.0,0.530635560098611,MON02
Благоевград,15352,9603,3320,1117,1554,989,1127,957,36,973,1397,776,271,252,104,77,58,38,74.0,58,31,17,15,0.0,0,91253,1,01. БЛАГОЕВГРАД,143,38196.0,0.4185725400808741,BLG03
Бобов дол,1353,1577,314,32,211,165,78,19,5,121,42,49,47,6,14,7,7,4,0.0,6,8,4,1,0.0,0,7690,10,10. КЮСТЕНДИЛ,27,4070.0,0.52925877763329,KNL04
Бобошево,423,418,195,15,79,30,101,35,3,25,22,20,4,8,2,3,1,1,0.0,3,0,1,0,0.0,0,2392,10,10. КЮСТЕНДИЛ,12,1389.0,0.580685618729097,KNL05
Божурище,1437,1038,264,49,107,208,143,107,5,76,74,40,54,17,14,10,3,3,0.0,2,3,5,3,0.0,0,6057,26,26. СОФИЯ област,12,3662.0,0.6045897308898794,SFO06
Бойница,245,201,29,12,19,10,9,3,14,16,5,2,1,1,1,3,2,0,0.0,1,0,1,0,0.0,0,929,5,05. ВИДИН,6,575.0,0.6189451022604952,VID03
Бойчиновци,1270,1259,261,895,355,83,541,2,3,58,16,49,12,8,10,8,5,6,0.0,5,3,3,5,0.0,0,7607,12,12. МОНТАНА,19,4857.0,0.6384908636781912,MON04
Болярово,343,1323,155,2,264,65,19,4,0,27,5,15,16,1,5,2,1,1,0.0,2,0,1,4,0.0,0,3093,31,31. ЯМБОЛ,21,2255.0,0.7290656320724216,JAM03
Борино,493,290,15,1046,50,23,4,8,77,32,2,11,3,1,0,0,3,1,0.0,0,0,0,0,0.0,0,3411,22,22. СМОЛЯН,7,2059.0,0.603635297566696,SML05
Борован,783,820,161,316,220,51,307,3,6,42,20,22,13,4,3,10,1,9,0.0,2,12,1,1,0.0,0,4614,6,06. ВРАЦА,11,2807.0,0.6083658430862592,VRC05
Борово,923,796,233,288,233,57,172,2,40,42,27,30,30,5,4,6,3,2,0.0,5,1,4,4,0.0,0,5414,19,19. РУСЕ,11,2907.0,0.536941263391208,RSE03
Ботевград,5288,4886,1672,401,731,653,455,573,22,464,227,531,147,55,53,57,45,23,0.0,21,19,15,14,0.0,0,28817,26,26. СОФИЯ област,45,16352.0,0.5674428288857272,SFO07
Братя Даскалови,862,1635,326,478,284,89,73,4,192,33,27,19,24,12,6,4,5,10,5.0,5,5,3,3,0.0,0,6458,27,27. СТАРА ЗАГОРА,25,4104.0,0.6354908640445959,SZR04
Брацигово,1739,1395,477,146,444,165,88,21,6,76,35,25,21,7,8,5,7,5,0.0,2,12,3,3,0.0,0,8081,13,13. ПАЗАРДЖИК,16,4690.0,0.580373716124242,PAZ06
Брегово,639,1641,156,83,166,68,60,4,26,77,36,11,10,5,10,5,5,4,0.0,2,0,1,2,0.0,0,4658,5,05. ВИДИН,18,3011.0,0.6464147702876771,VID06
Брезник,939,1180,249,194,121,204,127,15,10,98,34,129,27,12,9,2,9,0,0.0,3,6,3,2,0.0,0,5609,14,14. ПЕРНИК,25,3373.0,0.6013549652344446,PER08
Брезово,845,1580,272,11,254,147,205,9,5,52,26,77,19,7,12,9,3,6,0.0,3,6,2,2,0.0,0,5742,17,17. ПЛОВДИВ област,20,3552.0,0.6185997910135841,PDV07
Брусарци,738,812,123,485,146,58,133,5,1,50,5,10,11,4,1,3,5,6,0.0,2,3,4,1,0.0,0,4221,12,12. МОНТАНА,13,2606.0,0.6173892442549159,MON07
Бургас,43476,23627,11410,2713,3854,3838,3259,2492,535,2849,2237,1717,970,272,436,164,250,62,0.0,84,99,65,56,0.0,0,184494,2,02. БУРГАС,338,104465.0,0.5662243758604616,BGS04
Бяла (Варна),407,395,158,192,114,104,34,9,2,33,18,23,14,1,2,0,1,3,0.0,2,3,2,3,1.0,0,2654,3,03. ВАРНА,6,1521.0,0.5730972117558403,VAR05
Бяла (Русе),2392,1907,728,261,309,202,263,39,15,131,49,65,76,20,15,15,13,5,0.0,6,9,10,3,0.0,0,12524,19,19. РУСЕ,26,6533.0,0.5216384541679975,RSE04
Бяла Слатина,5297,3429,703,1191,793,302,261,55,14,229,102,238,48,21,39,9,13,33,0.0,6,5,8,5,0.0,0,21804,6,06. ВРАЦА,42,12801.0,0.587094111172262,VRC08
Варна,53360,36356,14582,4249,4961,19451,3374,5220,336,3937,4479,2648,3129,484,408,281,216,73,248.0,142,75,116,142,257.0,0,297018,3,03. ВАРНА,403,158524.0,0.5337184951753766,VAR06
Велики Преслав,1497,1615,553,696,341,388,196,34,631,92,52,53,50,12,15,10,10,2,0.0,6,10,6,3,0.0,0,12792,30,30. ШУМЕН,23,6272.0,0.4903064415259537,SHU23
Велико Търново,14427,12020,4521,1453,1158,1657,1048,1310,109,1091,1059,941,579,123,133,64,68,17,0.0,34,30,29,25,0.0,0,74491,4,04. ВЕЛИКО ТЪРНОВО,146,41896.0,0.5624303607147172,VTR04
Велинград,6178,4411,1219,2765,1117,262,272,135,397,385,169,143,140,21,62,21,28,31,0.0,11,8,16,7,0.0,0,31779,13,13. ПАЗАРДЖИК,53,17798.0,0.5600553824852891,PAZ08
Венец,232,213,16,2998,235,54,32,3,499,40,5,8,3,5,1,8,3,0,0.0,2,3,1,6,0.0,0,10183,30,30. ШУМЕН,16,4367.0,0.4288520082490425,SHU07
Ветово,568,912,311,2081,431,85,37,11,1171,79,15,85,17,11,7,14,11,29,0.0,1,2,9,10,0.0,0,12735,19,19. РУСЕ,21,5897.0,0.4630545740086376,RSE05
Ветрино,776,852,173,560,206,170,15,7,44,43,23,15,12,1,1,4,2,1,6.0,1,2,0,2,0.0,0,4869,3,03. ВАРНА,13,2916.0,0.5988909426987061,VAR08
Видин,6890,9187,2176,1388,783,689,1118,301,232,2071,795,265,276,36,49,80,41,25,0.0,22,0,31,10,0.0,0,61413,5,05. ВИДИН,128,26465.0,0.43093481836093334,VID09
Враца,11905,11774,4297,914,1267,838,1513,526,54,981,738,500,291,113,195,74,53,25,0.0,34,32,81,25,0.0,0,69139,6,06. ВРАЦА,111,36230.0,0.5240168356499226,VRC10
Вълчедръм,1030,1412,213,1126,253,73,217,7,4,61,38,37,18,6,4,7,8,10,0.0,8,5,3,7,0.0,0,7812,12,12. МОНТАНА,21,4547.0,0.5820532514080902,MON11
Вълчи дол,1272,1479,323,863,347,392,108,18,34,72,28,34,17,3,1,6,4,9,9.0,3,2,3,11,5.0,0,8646,3,03. ВАРНА,26,5043.0,0.5832755031228314,VAR09
Върбица,618,451,64,2703,322,96,12,3,743,49,8,10,6,11,5,12,3,14,0.0,2,12,5,7,0.0,0,10906,30,30. ШУМЕН,20,5156.0,0.47276728406381807,SHU10
Вършец,1025,1265,242,524,223,101,312,15,5,107,72,97,15,6,12,7,9,12,0.0,8,7,2,4,0.0,0,6791,12,12. МОНТАНА,18,4070.0,0.5993226328964807,MON12
Габрово,14676,7979,2843,489,955,2123,553,470,38,801,523,502,346,83,73,37,48,11,0.0,40,36,11,28,0.0,0,59396,7,07. ГАБРОВО,117,32665.0,0.5499528587783689,GAB05
Генерал Тошево,1400,2503,714,604,515,487,92,31,104,101,172,82,56,16,13,8,29,4,0.0,4,0,3,0,0.0,0,13719,8,08. ДОБРИЧ,47,6938.0,0.50572199139879,DOB12
Георги Дамяново,596,521,86,47,85,36,117,4,6,32,9,24,2,1,3,1,3,4,0.0,1,5,0,0,0.0,0,2171,12,12. МОНТАНА,14,1583.0,0.7291570704744358,MON14
Главиница,1050,698,224,2856,275,115,12,8,676,59,16,15,13,9,3,4,1,3,0.0,3,6,4,10,0.0,0,11425,20,20. СИЛИСТРА,25,6060.0,0.5304157549234135,SLS07
Годеч,1346,839,175,48,133,99,30,26,1,46,16,22,28,4,9,4,6,2,0.0,1,1,1,1,0.0,0,4569,26,26. СОФИЯ област,13,2838.0,0.6211424819435325,SFO09
Горна Малина,941,1019,236,177,244,68,164,147,3,104,69,49,14,16,5,12,1,5,0.0,3,11,3,1,0.0,0,4858,26,26. СОФИЯ област,15,3292.0,0.677645121449156,SFO10
Горна Оряховица,6251,7155,2474,1054,788,1009,547,267,51,581,458,490,286,63,54,37,24,10,0.0,23,27,16,19,0.0,0,42292,4,04. ВЕЛИКО ТЪРНОВО,68,21684.0,0.5127210820013242,VTR06
Гоце Делчев,4064,4156,921,2847,1094,345,365,139,1357,275,336,187,135,16,22,63,9,7,12.0,15,20,2,10,0.0,0,28875,1,01. БЛАГОЕВГРАД,43,16397.0,0.5678614718614718,BLG11
Грамада,467,407,65,54,32,12,28,4,1,20,31,3,7,2,0,2,0,1,0.0,1,0,2,1,0.0,0,1630,5,05. ВИДИН,9,1140.0,0.6993865030674846,VID15
Гулянци,1974,1902,635,204,336,147,134,21,10,96,38,67,54,6,16,15,10,6,15.0,10,5,5,6,0.0,0,10960,15,15. ПЛЕВЕН,21,5712.0,0.5211678832116788,PVN08
Гурково,413,690,161,476,188,89,36,4,39,30,14,23,18,2,1,8,2,0,14.0,4,2,2,2,0.0,0,4235,27,27. СТАРА ЗАГОРА,9,2218.0,0.5237308146399056,SZR37
Гълъбово,1593,2781,583,386,370,275,106,49,9,153,35,152,23,7,18,8,15,12,7.0,21,12,6,8,0.0,0,10921,27,27. СТАРА ЗАГОРА,23,6629.0,0.6069956963648018,SZR07
Гърмен,1398,983,198,2580,454,131,55,12,931,61,74,338,21,6,11,14,5,43,0.0,5,15,4,1,0.0,0,13303,1,01. БЛАГОЕВГРАД,23,7340.0,0.5517552431782304,BLG13
Две могили,730,1055,424,769,208,140,362,20,304,72,19,88,33,7,9,7,10,4,0.0,6,5,1,7,0.0,0,8410,19,19. РУСЕ,15,4280.0,0.5089179548156956,RSE08
Девин,2276,2138,270,929,309,206,46,48,112,138,78,77,29,19,9,19,22,5,2.0,2,7,3,0,0.0,0,11426,22,22. СМОЛЯН,24,6744.0,0.5902328023805357,SML09
Девня,1360,944,314,102,278,404,38,8,19,80,167,89,27,3,4,6,13,9,11.0,1,4,3,3,2.0,0,7849,3,03. ВАРНА,11,3889.0,0.4954771308446936,VAR14
Джебел,965,191,60,2591,325,32,9,3,2057,40,6,8,5,0,1,1,2,0,0.0,1,3,5,0,0.0,0,20517,9,09. КЪРДЖАЛИ,44,6305.0,0.30730613637471366,KRZ08
Димитровград,8323,7684,2180,711,1122,739,3136,302,76,587,251,222,316,67,61,35,40,132,0.0,28,18,19,12,0.0,0,50444,29,29. ХАСКОВО,91,26061.0,0.5166323051304417,HKV09
Димово,761,1089,167,531,139,42,72,12,74,81,29,24,23,7,3,6,4,9,0.0,3,0,6,2,0.0,0,5301,5,05. ВИДИН,25,3084.0,0.5817770232031693,VID16
Добрич,12950,11693,5059,1416,1679,3619,1382,812,440,895,680,776,962,96,87,97,61,30,0.0,49,0,22,0,0.0,0,87159,8,08. ДОБРИЧ,130,42805.0,0.4911139411879439,DOB28
Добрич-селска,1863,3158,687,1836,715,410,160,43,469,97,71,125,50,17,16,32,17,10,0.0,7,0,5,0,0.0,0,21102,8,08. ДОБРИЧ,67,9788.0,0.4638422898303478,DOB15
Долна Митрополия,2354,3072,929,489,762,198,230,30,194,190,77,128,69,7,22,24,12,7,121.0,21,12,6,13,0.0,0,17237,15,15. ПЛЕВЕН,33,8967.0,0.5202181354063933,PVN10
Долна баня,1611,594,132,127,168,40,31,22,9,57,23,11,15,7,3,5,1,0,0.0,3,3,0,0,0.0,0,3896,26,26. СОФИЯ област,8,2862.0,0.7345995893223819,SFO59
Долни Дъбник,1249,1711,674,575,466,101,181,20,91,102,51,185,42,10,9,8,8,5,9.0,1,7,6,4,0.0,0,12021,15,15. ПЛЕВЕН,21,5515.0,0.45878046751518176,PVN11
Долни чифлик,2115,2012,537,1637,1005,495,94,21,140,75,72,36,49,13,2,14,17,5,22.0,8,14,9,14,4.0,0,15947,3,03. ВАРНА,29,8410.0,0.5273719194832884,VAR13
Доспат,2706,1307,49,520,123,110,11,7,149,55,11,24,2,3,4,9,7,0,0.0,2,1,1,0,0.0,0,8004,22,22. СМОЛЯН,12,5101.0,0.6373063468265867,SML10
Драгоман,1129,919,161,79,117,69,119,31,3,71,19,29,24,8,5,9,2,2,0.0,4,4,1,2,0.0,0,4384,26,26. СОФИЯ област,23,2807.0,0.6402828467153284,SFO16
Дряново,1101,1611,593,182,135,323,67,173,6,111,74,131,39,22,10,2,17,11,0.0,4,4,3,3,0.0,0,8304,7,07. ГАБРОВО,26,4622.0,0.5565992292870906,GAB12
Дулово,4719,1226,376,5418,1005,232,38,40,1655,124,15,133,5,16,12,4,12,9,0.0,4,16,13,13,0.0,0,29975,20,20. СИЛИСТРА,42,15085.0,0.5032527105921601,SLS10
Дупница,8586,6869,1627,88,997,594,1235,418,18,510,320,181,331,94,59,42,33,33,0.0,26,21,14,14,0.0,0,42694,10,10. КЮСТЕНДИЛ,73,22110.0,0.5178713636576568,KNL48
Дългопол,1233,1585,393,1632,617,294,63,22,878,67,127,17,15,10,5,18,11,9,21.0,6,3,3,4,3.0,0,12931,3,03. ВАРНА,27,7036.0,0.5441187843167582,VAR16
Елена,1547,1441,393,470,250,165,39,40,39,92,88,64,25,10,12,8,0,6,0.0,3,5,6,4,0.0,0,8395,4,04. ВЕЛИКО ТЪРНОВО,25,4707.0,0.5606908874329958,VTR13
Елин Пелин,3364,3038,1425,180,453,350,346,193,16,314,138,115,108,31,18,32,14,14,0.0,29,5,16,7,0.0,0,18444,26,26. СОФИЯ област,33,10206.0,0.5533506831489915,SFO17
Елхово,2247,3170,930,179,267,141,77,37,9,155,94,113,70,15,22,10,15,20,0.0,8,0,8,2,0.0,0,13891,31,31. ЯМБОЛ,29,7589.0,0.5463249586062918,JAM07
Етрополе,1765,2761,378,357,393,212,151,112,7,143,45,196,50,23,35,16,9,2,0.0,16,7,7,3,0.0,0,10843,26,26. СОФИЯ област,20,6688.0,0.6168034676749977,SFO18
Завет,661,353,122,2817,241,77,17,13,691,78,136,16,15,3,7,1,1,5,0.0,1,0,3,6,0.0,0,11284,18,18. РАЗГРАД,14,5264.0,0.4665012406947891,RAZ11
Земен,368,626,119,14,71,47,125,3,2,31,15,38,10,4,3,3,3,0,0.0,2,5,3,1,0.0,0,2204,14,14. ПЕРНИК,16,1493.0,0.6774047186932849,PER19
Златарица,360,508,465,442,142,60,31,8,12,23,18,9,4,1,13,2,4,2,0.0,3,4,0,1,0.0,0,3751,4,04. ВЕЛИКО ТЪРНОВО,13,2112.0,0.5630498533724341,VTR14
Златица,946,907,300,20,133,257,95,33,1,88,18,20,14,4,8,4,5,1,0.0,6,5,1,3,0.0,0,4933,26,26. СОФИЯ област,10,2869.0,0.581593350902088,SFO47
Златоград,2551,1857,250,342,284,98,51,39,49,90,65,62,25,15,18,5,8,2,4.0,5,8,3,0,0.0,0,11196,22,22. СМОЛЯН,21,5831.0,0.520811003929975,SML11
Ивайловград,1580,1137,321,356,144,92,66,24,41,53,41,36,9,7,6,3,3,0,0.0,2,1,2,4,0.0,0,6869,29,29. ХАСКОВО,25,3928.0,0.571844518852817,HKV11
Иваново,1378,1448,627,293,316,110,87,19,82,58,44,59,42,4,6,4,3,3,0.0,3,3,4,6,0.0,0,8109,19,19. РУСЕ,19,4599.0,0.5671476137624861,RSE13
Искър,601,1082,293,410,282,95,176,7,54,60,23,48,13,19,7,6,6,3,7.0,5,5,5,4,0.0,0,6228,15,15. ПЛЕВЕН,11,3211.0,0.5155748233782916,PVN23
Исперих,4946,1052,480,4252,887,229,37,52,588,216,132,42,40,23,41,7,6,25,0.0,5,6,4,7,0.0,0,26442,18,18. РАЗГРАД,38,13077.0,0.49455411844792374,RAZ14
Ихтиман,3508,2053,642,718,721,225,485,102,8,177,65,60,43,30,18,16,15,27,0.0,7,36,8,3,0.0,0,14485,26,26. СОФИЯ област,30,8967.0,0.6190541939937867,SFO20
Каварна,1337,2117,902,293,269,590,113,91,23,118,100,126,88,27,16,13,9,5,0.0,9,0,9,0,0.0,0,13315,8,08. ДОБРИЧ,34,6255.0,0.4697709350356741,DOB17
Казанлък,14003,10147,3690,2904,1886,1232,546,470,565,709,441,380,291,81,83,52,48,44,43.0,53,27,18,17,0.0,0,67771,27,27. СТАРА ЗАГОРА,87,37730.0,0.5567278039279338,SZR12
Кайнарджа,778,357,110,456,158,22,103,1,14,22,3,14,9,0,5,2,1,1,0.0,2,1,1,2,0.0,0,4233,20,20. СИЛИСТРА,13,2062.0,0.48712497047011577,SLS15
Калояново,1703,1488,440,296,370,234,602,53,10,110,64,37,37,6,4,19,21,4,0.0,4,5,8,3,0.0,0,9624,17,17. ПЛОВДИВ област,20,5518.0,0.5733582709891937,PDV12
Камено,1566,1348,464,374,363,147,135,20,46,81,34,31,19,8,12,9,9,5,0.0,4,8,4,12,0.0,0,9966,2,02. БУРГАС,20,4699.0,0.4715031105759583,BGS08
Каолиново,603,294,71,4479,479,104,41,4,1600,43,8,17,9,8,9,12,4,2,0.0,0,7,1,2,0.0,0,16968,30,30. ШУМЕН,24,7797.0,0.4595120226308345,SHU18
Карлово,6803,8256,2662,1156,1625,915,1178,318,323,599,329,222,243,69,47,59,98,34,0.0,34,28,23,23,0.0,0,46279,17,17. ПЛОВДИВ област,78,25044.0,0.5411525746018713,PDV13
Карнобат,3144,3682,1053,1074,812,503,180,99,345,255,117,171,85,21,36,27,27,14,0.0,9,13,12,13,0.0,0,22403,2,02. БУРГАС,59,11692.0,0.5218943891443111,BGS09
Каспичан,884,1336,297,208,378,173,110,26,64,59,13,95,15,5,11,4,2,3,0.0,5,15,1,3,0.0,0,6981,30,30. ШУМЕН,17,3707.0,0.5310127488898438,SHU19
Кирково,2660,1242,133,4506,855,78,43,21,3757,100,18,56,13,16,7,18,9,7,0.0,3,5,5,0,0.0,0,34338,9,09. КЪРДЖАЛИ,77,13552.0,0.39466480284233213,KRZ14
Кнежа,2014,1944,644,635,395,171,130,22,7,156,60,37,90,18,27,5,5,6,7.0,6,8,9,7,0.0,0,11712,15,15. ПЛЕВЕН,20,6403.0,0.5467042349726776,PVN39
Ковачевци,232,461,62,12,69,22,105,2,0,21,7,70,2,2,1,2,1,1,0.0,0,2,0,0,0.0,0,1412,14,14. ПЕРНИК,10,1074.0,0.7606232294617564,PER22
Козлодуй,3133,3721,633,137,364,313,260,83,7,233,100,61,84,25,19,17,10,23,0.0,5,12,4,4,0.0,0,17348,6,06. ВРАЦА,26,9248.0,0.5330873875951119,VRC20
Копривщица,371,507,141,13,68,53,52,18,1,40,28,11,7,3,3,1,1,2,0.0,2,2,1,0,0.0,0,2017,26,26. СОФИЯ област,3,1325.0,0.6569162121963312,SFO24
Костенец,2147,2086,573,246,347,252,294,70,5,199,77,42,80,15,13,16,7,5,0.0,13,5,4,3,0.0,0,11083,26,26. СОФИЯ област,21,6499.0,0.586393575746639,SFO25
Костинброд,3490,2358,644,453,343,235,195,182,4,177,115,98,81,42,15,21,9,27,0.0,15,9,7,4,0.0,0,13833,26,26. СОФИЯ област,23,8524.0,0.6162076194607099,SFO26
Котел,3455,1760,462,851,675,128,62,20,998,98,29,66,14,21,16,12,10,16,0.0,7,10,4,2,0.0,0,18722,21,21. СЛИВЕН,31,8716.0,0.46554855250507426,SLV11
Кочериново,646,748,171,12,102,35,60,20,3,35,17,68,11,6,4,6,8,2,0.0,4,4,3,5,0.0,0,3518,10,10. КЮСТЕНДИЛ,16,1970.0,0.5599772598067083,KNL27
Кресна,865,1112,255,5,197,72,74,17,1,43,77,100,7,4,3,5,7,1,5.0,1,4,1,4,0.0,0,4742,1,01. БЛАГОЕВГРАД,11,2860.0,0.6031210459721636,BLG28
Криводол,1113,1551,465,20,341,51,1256,14,9,85,29,34,20,8,9,2,5,16,0.0,7,3,4,2,0.0,0,8037,6,06. ВРАЦА,22,5044.0,0.6275973621998258,VRC21
Кричим,764,1045,262,588,287,164,73,35,311,53,42,13,22,3,2,6,6,4,0.0,5,0,3,2,0.0,0,7189,17,17. ПЛОВДИВ област,10,3690.0,0.5132841841702601,PDV39
Крумовград,1374,1010,157,5860,360,119,35,26,1956,114,15,43,28,14,1,12,8,2,0.0,0,10,1,0,0.0,0,33784,9,09. КЪРДЖАЛИ,80,11145.0,0.3298898887047123,KRZ15
Крушари,271,288,101,746,137,71,18,13,175,16,5,33,1,1,4,1,2,0,0.0,0,0,0,0,0.0,0,5608,8,08. ДОБРИЧ,18,1883.0,0.3357703281027104,DOB20
Кубрат,1588,1227,343,3525,333,238,109,140,939,145,87,48,44,18,36,17,10,12,0.0,6,11,4,14,0.0,0,19485,18,18. РАЗГРАД,36,8894.0,0.4564536823197331,RAZ16
Куклен,782,637,256,434,231,115,70,36,544,50,45,37,27,12,2,5,4,2,0.0,3,1,2,4,0.0,0,6266,17,17. ПЛОВДИВ област,14,3299.0,0.526492180019151,PDV42
Кула,785,721,143,38,75,48,69,9,1,82,60,12,8,5,6,14,5,0,0.0,0,0,1,0,0.0,0,3933,5,05. ВИДИН,14,2082.0,0.5293668954996186,VID22
Кърджали,6212,4720,1822,12753,1553,476,434,196,6029,558,427,201,158,45,34,22,23,6,0.0,11,27,14,0,0.0,0,98035,9,09. КЪРДЖАЛИ,154,35721.0,0.3643698679043199,KRZ16
Кюстендил,10231,9952,2385,327,911,1191,738,407,144,855,456,716,341,78,73,95,56,20,0.0,35,84,18,12,0.0,0,67341,10,10. КЮСТЕНДИЛ,112,29125.0,0.4325002598714008,KNL29
Левски,2610,3051,878,830,585,385,309,52,77,170,166,229,83,10,23,15,19,9,11.0,13,9,9,7,0.0,0,18330,15,15. ПЛЕВЕН,33,9550.0,0.5210038188761593,PVN16
Лесичово,685,913,178,352,215,58,47,8,17,33,19,11,5,4,8,3,1,5,0.0,2,4,2,4,0.0,0,4367,13,13. ПАЗАРДЖИК,10,2574.0,0.5894206549118388,PAZ14
Летница,378,680,140,553,143,59,21,6,21,24,13,11,17,1,2,3,5,2,4.0,1,1,0,0,0.0,0,4286,11,11. ЛОВЕЧ,8,2085.0,0.48646756882874476,LOV17
Ловеч,7831,7836,2683,1652,880,988,705,345,164,683,359,394,349,58,64,40,31,17,42.0,25,30,21,0,0.0,0,46427,11,11. ЛОВЕЧ,97,25197.0,0.5427229844702436,LOV18
Лозница,1075,476,152,2376,260,96,52,7,360,90,131,73,4,5,7,4,1,2,0.0,0,3,2,9,0.0,0,10408,18,18. РАЗГРАД,20,5185.0,0.4981744811683321,RAZ17
Лом,3515,3806,789,1557,655,321,536,80,11,317,166,81,94,36,19,34,23,16,0.0,10,6,8,5,0.0,0,25822,12,12. МОНТАНА,52,12085.0,0.46801177290682366,MON24
Луковит,2777,2159,578,1480,772,168,105,54,40,141,77,56,44,11,13,14,14,15,4.0,10,7,2,0,0.0,0,15139,11,11. ЛОВЕЧ,26,8541.0,0.5641720060770197,LOV19
Лъки,291,560,81,143,70,65,143,7,4,25,12,5,3,0,2,0,0,1,0.0,3,0,1,1,0.0,0,2546,17,17. ПЛОВДИВ област,11,1417.0,0.55655930871956,PDV15
Любимец,2623,1496,326,122,200,87,53,34,4,66,44,27,54,15,8,5,8,7,0.0,3,4,3,4,0.0,0,8221,29,29. ХАСКОВО,18,5193.0,0.6316749787130519,HKV17
Лясковец,1973,2329,703,125,232,326,120,64,9,139,92,61,85,15,13,12,11,4,0.0,7,9,10,8,0.0,0,11716,4,04. ВЕЛИКО ТЪРНОВО,17,6347.0,0.5417377944691021,VTR20
Мадан,1331,1207,88,2974,193,236,46,35,257,154,14,63,13,8,5,10,6,4,7.0,1,4,2,0,0.0,0,10888,22,22. СМОЛЯН,37,6658.0,0.6114988978692139,SML16
Маджарово,305,187,56,523,66,8,8,2,95,1,8,17,2,3,0,0,1,0,0.0,0,0,0,1,0.0,0,2733,29,29. ХАСКОВО,14,1283.0,0.4694474935967801,HKV18
Макреш,203,386,60,40,26,9,21,3,0,23,15,8,4,0,4,4,3,1,0.0,2,0,1,1,0.0,0,1233,5,05. ВИДИН,8,814.0,0.6601784266017843,VID25
Малко Търново,555,598,202,52,143,54,47,18,3,32,9,42,15,3,5,3,5,8,0.0,3,3,3,0,0.0,0,2848,2,02. БУРГАС,14,1803.0,0.6330758426966292,BGS12
Марица,4704,4090,1295,573,982,720,654,111,38,298,212,201,80,31,25,26,17,15,0.0,16,19,12,11,0.0,0,25657,17,17. ПЛОВДИВ област,39,14130.0,0.5507268971430799,PDV17
Медковец,411,843,84,180,176,40,58,10,2,47,10,195,15,2,7,2,2,9,0.0,0,3,3,1,0.0,0,3322,12,12. МОНТАНА,8,2100.0,0.6321493076459964,MON26
Мездра,2802,3439,1108,320,478,314,573,89,16,240,122,1010,40,15,22,14,31,28,0.0,12,17,9,3,0.0,0,18600,6,06. ВРАЦА,42,10702.0,0.5753763440860215,VRC27
Мизия,847,1691,248,106,161,101,116,14,1,66,28,18,18,3,9,7,3,10,0.0,3,3,1,0,0.0,0,6276,6,06. ВРАЦА,14,3454.0,0.5503505417463352,VRC28
Минерални бани,436,407,193,2338,171,28,67,7,227,47,16,27,16,4,4,2,1,6,0.0,1,0,0,5,0.0,0,6596,29,29. ХАСКОВО,17,4003.0,0.6068829593693147,HKV19
Мирково,264,354,123,44,70,50,155,15,0,42,12,7,5,6,4,1,3,2,0.0,2,2,4,1,0.0,0,1969,26,26. СОФИЯ област,6,1166.0,0.5921787709497207,SFO56
Момчилград,1295,434,71,4617,492,58,23,20,2789,115,29,16,8,10,1,8,3,2,0.0,2,3,1,0,0.0,0,30580,9,09. КЪРДЖАЛИ,58,9997.0,0.32691301504251147,KRZ21
Монтана,6459,8641,2063,2266,900,1072,2442,453,44,903,339,321,251,57,64,66,39,50,0.0,78,32,18,26,0.0,0,48190,12,12. МОНТАНА,84,26584.0,0.5516497198588919,MON29
Мъглиж,1698,1265,374,447,476,88,61,21,202,50,26,23,18,19,7,6,2,20,3.0,5,4,2,6,0.0,0,9751,27,27. СТАРА ЗАГОРА,15,4823.0,0.4946159368269921,SZR22
Невестино,290,529,120,25,79,30,34,2,3,26,8,103,7,1,1,0,3,1,0.0,1,12,0,0,0.0,0,2023,10,10. КЮСТЕНДИЛ,19,1275.0,0.6302521008403361,KNL31
Неделино,860,997,155,820,168,48,22,7,16,28,29,12,4,4,2,3,2,2,3.0,2,6,3,0,0.0,0,6019,22,22. СМОЛЯН,23,3193.0,0.5304867918258847,SML18
Несебър,3553,3215,1442,449,559,761,244,147,59,253,210,148,137,29,52,27,19,10,0.0,6,26,5,8,0.0,0,19487,2,02. БУРГАС,38,11359.0,0.5829014214604609,BGS15
Никола Козлево,1886,360,32,781,444,19,23,4,202,23,2,6,2,1,2,20,1,3,0.0,0,4,0,0,0.0,0,6775,30,30. ШУМЕН,14,3815.0,0.56309963099631,SHU21
Николаево,401,498,163,652,220,73,18,8,60,18,47,8,7,2,4,15,4,0,3.0,12,1,2,8,0.0,0,3691,27,27. СТАРА ЗАГОРА,7,2224.0,0.6025467353020861,SZR38
Никопол,979,1352,425,733,358,121,55,34,431,76,30,312,32,10,7,3,4,2,15.0,6,4,0,7,0.0,0,8781,15,15. ПЛЕВЕН,17,4996.0,0.5689556998064002,PVN21
Нова Загора,5275,4803,1884,909,938,549,270,127,147,270,154,133,117,34,30,50,36,21,0.0,14,15,8,18,0.0,0,33667,21,21. СЛИВЕН,62,15802.0,0.4693616894882229,SLV16
Нови пазар,1792,2345,659,1783,483,404,96,35,382,116,94,90,35,13,24,9,17,3,0.0,8,10,5,6,0.0,0,17480,30,30. ШУМЕН,35,8409.0,0.4810640732265446,SHU22
Ново село,462,653,71,36,90,30,55,3,10,45,41,10,5,1,4,4,1,0,0.0,2,0,0,1,0.0,0,2489,5,05. ВИДИН,10,1524.0,0.6122940940136601,VID30
Омуртаг,1413,1143,303,6152,542,212,48,18,1987,166,22,25,13,17,13,11,9,15,0.0,7,2,6,13,0.0,0,25158,28,28. ТЪРГОВИЩЕ,54,12137.0,0.48243103585340646,TGV22
Опака,354,409,103,1962,102,52,7,4,350,50,8,13,7,1,3,5,4,1,0.0,3,3,0,6,0.0,0,6059,28,28. ТЪРГОВИЩЕ,11,3447.0,0.568905760026407,TGV23
Опан,426,720,128,44,105,38,19,2,1,29,14,10,6,1,4,4,3,0,0.0,2,2,1,0,0.0,0,2310,27,27. СТАРА ЗАГОРА,13,1559.0,0.6748917748917749,SZR23
Оряхово,1625,2156,280,412,305,134,122,46,2,122,70,45,38,10,7,5,11,14,0.0,6,5,3,3,0.0,0,9930,6,06. ВРАЦА,24,5421.0,0.5459214501510574,VRC31
Павел баня,1336,1652,691,1210,534,132,39,26,1664,79,40,37,37,14,7,10,10,15,4.0,7,7,4,8,0.0,0,13856,27,27. СТАРА ЗАГОРА,22,7563.0,0.5458285219399538,SZR24
Павликени,2763,4177,1018,967,604,509,263,70,12,207,96,127,113,19,29,9,60,12,0.0,6,9,8,5,0.0,0,21387,4,04. ВЕЛИКО ТЪРНОВО,42,11083.0,0.5182119979426755,VTR22
Пазарджик,16623,14008,4859,4193,2696,1771,1657,821,72,1103,818,848,530,117,117,80,99,115,0.0,36,56,62,40,0.0,0,104689,13,13. ПАЗАРДЖИК,149,50721.0,0.4844921625003582,PAZ19
Панагюрище,4420,4206,962,144,585,509,262,157,7,318,130,199,134,33,17,29,29,15,0.0,17,13,7,9,0.0,0,22223,13,13. ПАЗАРДЖИК,30,12202.0,0.5490707825226117,PAZ20
Перник,15686,14586,3551,605,1342,2344,2415,901,141,1393,680,1629,381,152,89,98,96,48,0.0,61,56,51,38,0.0,0,84668,14,14. ПЕРНИК,141,46343.0,0.5473496480370388,PER32
Перущица,676,655,140,106,142,84,82,21,9,57,125,12,9,3,5,8,4,1,0.0,1,1,0,0,0.0,0,4233,17,17. ПЛОВДИВ област,6,2141.0,0.5057878573115994,PDV40
Петрич,9933,5456,3124,946,2012,533,1425,150,21,354,296,323,162,41,59,44,101,24,108.0,18,25,19,10,0.0,0,54707,1,01. БЛАГОЕВГРАД,97,25184.0,0.4603432833092657,BLG33
Пещера,2700,2525,987,997,869,284,262,80,82,177,110,62,90,30,45,31,8,16,0.0,10,7,10,5,0.0,0,18843,13,13. ПАЗАРДЖИК,27,9387.0,0.4981690813564719,PAZ21
Пирдоп,1441,1221,505,243,147,190,185,75,6,122,42,38,21,8,10,10,5,6,0.0,3,3,5,3,0.0,0,7081,26,26. СОФИЯ област,14,4289.0,0.6057054088405592,SFO55
Плевен,21878,17469,8214,2029,2420,2390,2490,1078,313,1806,1531,1721,1129,129,263,121,95,18,334.0,51,41,32,35,0.0,0,122962,15,15. ПЛЕВЕН,169,65587.0,0.5333924301816821,PVN24
Пловдив,61074,40917,15747,2917,7498,7131,4291,6714,2280,4650,6128,1790,2043,477,277,238,348,58,0.0,150,84,101,68,0.0,0,305177,16,16. ПЛОВДИВ град,478,164981.0,0.5406075818295613,PDV22
Полски Тръмбеш,1444,2276,685,982,355,276,108,40,20,125,75,68,32,10,10,8,12,7,0.0,12,9,6,13,0.0,0,12335,4,04. ВЕЛИКО ТЪРНОВО,21,6573.0,0.5328739359546008,VTR26
Поморие,3772,2613,1336,2157,661,612,491,111,702,225,173,82,65,26,39,20,17,70,0.0,9,9,11,5,0.0,0,23049,2,02. БУРГАС,50,13206.0,0.5729532734608876,BGS17
Попово,3029,3875,1330,1646,288,547,121,62,409,248,99,706,83,21,22,15,18,11,0.0,11,6,9,13,0.0,0,26425,28,28. ТЪРГОВИЩЕ,52,12569.0,0.4756480605487228,TGV24
Пордим,785,860,395,213,178,64,46,7,8,62,17,197,16,6,3,3,3,4,4.0,1,3,0,2,0.0,0,5184,15,15. ПЛЕВЕН,10,2877.0,0.5549768518518519,PVN27
Правец,995,1624,299,54,265,118,51,77,11,98,18,134,29,11,8,12,9,5,0.0,3,5,4,4,0.0,0,6287,26,26. СОФИЯ област,16,3834.0,0.609829807539367,SFO34
Приморско,1795,711,363,89,137,125,44,40,1,68,21,39,27,10,6,5,8,5,0.0,1,2,0,4,0.0,0,5444,2,02. БУРГАС,9,3501.0,0.6430933137398971,BGS27
Провадия,1884,3342,941,1616,735,1190,93,100,112,138,108,96,85,9,9,21,22,20,19.0,9,8,7,5,5.0,0,19918,3,03. ВАРНА,47,10574.0,0.5308765940355458,VAR24
Първомай,3278,4170,1214,805,751,489,348,126,273,227,169,80,130,17,31,19,28,25,0.0,16,18,7,9,0.0,0,24140,17,17. ПЛОВДИВ област,40,12230.0,0.5066280033140017,PDV23
Раднево,2677,3657,991,595,555,447,231,59,13,234,97,193,53,28,14,12,17,18,21.0,12,28,8,8,0.0,0,17052,27,27. СТАРА ЗАГОРА,39,9968.0,0.5845648604269293,SZR27
Радомир,3420,3427,775,415,384,457,253,103,24,220,72,138,121,36,22,25,27,16,0.0,7,12,3,8,0.0,0,17423,14,14. ПЕРНИК,51,9965.0,0.571945130000574,PER36
Разград,6000,5572,2149,3617,635,844,867,229,950,501,1353,254,182,49,30,31,28,10,0.0,20,18,15,18,0.0,0,53013,18,18. РАЗГРАД,68,23372.0,0.4408729934167091,RAZ26
Разлог,4099,3489,927,521,869,360,188,106,10,246,558,97,116,23,28,24,20,23,11.0,11,12,7,12,0.0,0,18095,1,01. БЛАГОЕВГРАД,29,11757.0,0.6497374965460072,BLG37
Ракитово,1383,1909,355,1652,638,102,129,21,28,84,45,28,22,5,15,20,5,49,0.0,8,3,35,7,0.0,0,12943,13,13. ПАЗАРДЖИК,16,6543.0,0.5055242215869582,PAZ24
Раковски,4699,2770,743,168,962,335,267,70,8,197,152,100,96,21,29,13,10,2,0.0,11,5,8,4,0.0,0,23121,17,17. ПЛОВДИВ област,32,10670.0,0.46148522987760043,PDV25
Рила,432,513,136,7,80,44,40,7,0,31,20,26,12,2,4,4,5,1,0.0,0,2,0,0,0.0,0,2635,10,10. КЮСТЕНДИЛ,8,1366.0,0.5184060721062619,KNL38
Родопи,5416,3801,1389,756,675,673,543,197,339,349,285,438,137,39,23,19,16,8,0.0,12,13,5,8,0.0,0,28055,17,17. ПЛОВДИВ област,55,15141.0,0.539689894849403,PDV26
Роман,934,1096,230,287,220,89,193,14,5,62,23,55,7,11,3,6,5,7,0.0,3,4,2,4,0.0,0,5361,6,06. ВРАЦА,18,3260.0,0.6080955045700429,VRC32
Рудозем,1252,867,81,2120,156,378,40,17,289,143,22,29,21,8,4,20,6,2,5.0,3,7,3,0,0.0,0,8817,22,22. СМОЛЯН,25,5473.0,0.6207326755132131,SML27
Руен,770,590,160,7769,1163,312,73,21,5895,114,10,113,13,28,13,18,9,13,0.0,2,6,6,13,0.0,0,28429,2,02. БУРГАС,49,17111.0,0.6018853987125822,BGS18
Ружинци,732,568,76,159,94,19,23,2,358,24,19,18,8,3,1,1,2,5,0.0,0,0,1,1,0.0,0,3440,5,05. ВИДИН,11,2114.0,0.6145348837209302,VID33
Русе,23959,20300,10804,2216,2532,3026,2570,1663,675,2047,1720,1506,1119,273,258,144,124,36,0.0,76,67,108,68,0.0,0,152003,19,19. РУСЕ,218,75291.0,0.4953257501496681,RSE27
Садово,1640,2626,427,161,706,206,176,29,120,116,111,51,20,12,14,9,8,8,0.0,4,5,1,3,0.0,0,12322,17,17. ПЛОВДИВ област,21,6453.0,0.5236974517123844,PDV28
Самоков,6974,6120,1456,997,1398,600,363,298,650,383,340,125,136,58,49,59,14,254,0.0,36,57,9,14,0.0,0,32362,26,26. СОФИЯ област,65,20390.0,0.6300599468512453,SFO39
Самуил,490,154,28,2503,265,34,13,2,454,44,60,9,2,3,7,6,4,3,0.0,0,5,2,2,0.0,0,9121,18,18. РАЗГРАД,16,4090.0,0.4484157438877316,RAZ29
Сандански,7774,4219,3988,630,1082,308,391,200,21,390,376,217,161,33,35,18,51,33,31.0,19,13,8,17,0.0,0,36831,1,01. БЛАГОЕВГРАД,78,20015.0,0.5434280904672694,BLG40
Сапарева баня,1773,1248,311,14,174,77,101,31,5,94,30,46,76,9,7,12,8,1,0.0,1,6,4,4,0.0,0,6625,10,10. КЮСТЕНДИЛ,9,4032.0,0.6086037735849057,KNL41
Сатовча,1869,1144,63,3977,388,63,24,11,222,47,20,36,4,0,22,8,2,1,0.0,1,5,1,1,0.0,0,15191,1,01. БЛАГОЕВГРАД,22,7909.0,0.5206372194062274,BLG42
Свиленград,2648,5061,1075,389,579,270,221,136,25,234,154,105,115,31,33,13,61,30,0.0,11,22,11,2,0.0,0,19687,29,29. ХАСКОВО,43,11226.0,0.5702240056890334,HKV28
Свищов,3848,5923,1783,944,757,656,1361,369,150,514,235,192,192,39,31,34,36,9,0.0,17,12,8,20,0.0,0,31331,4,04. ВЕЛИКО ТЪРНОВО,55,17130.0,0.5467428425521049,VTR28
Своге,3318,2862,824,1288,497,303,374,105,10,314,261,271,73,28,12,28,31,7,0.0,20,13,6,15,0.0,0,17937,26,26. СОФИЯ област,43,10660.0,0.5943022802029325,SFO43
Севлиево,5789,4809,1453,1523,672,969,210,229,167,451,194,448,114,100,104,26,30,14,0.0,12,26,16,19,0.0,0,33022,7,07. ГАБРОВО,72,17375.0,0.5261643752649748,GAB29
Септември,4885,3176,820,1219,1603,313,207,63,17,173,96,64,55,15,23,18,136,9,0.0,9,8,38,2,0.0,0,22388,13,13. ПАЗАРДЖИК,31,12949.0,0.5783902090405575,PAZ29
Силистра,8298,8001,3982,1306,864,1375,285,473,235,527,265,458,256,62,58,19,43,9,0.0,23,33,13,20,0.0,0,50793,20,20. СИЛИСТРА,93,26605.0,0.5237926485933101,SLS31
Симеоновград,1133,1522,288,208,242,87,130,23,7,94,115,40,8,8,3,3,2,34,0.0,1,3,1,5,0.0,0,7232,29,29. ХАСКОВО,16,3957.0,0.5471515486725663,HKV29
Симитли,5493,1188,340,115,678,114,90,21,6,122,71,137,20,28,14,8,14,6,38.0,2,24,6,2,0.0,0,12879,1,01. БЛАГОЕВГРАД,27,8537.0,0.6628620234490256,BLG44
Ситово,493,619,225,1198,144,66,10,5,131,44,5,47,3,7,2,5,9,2,0.0,4,3,3,5,0.0,0,5307,20,20. СИЛИСТРА,14,3030.0,0.570944036178632,SLS32
Сливен,17861,17535,5710,2218,3277,2167,1398,873,457,1201,1010,808,465,136,114,70,69,271,0.0,41,58,34,35,0.0,0,112208,21,21. СЛИВЕН,188,55808.0,0.4973620419221446,SLV20
Сливница,1933,1472,294,98,221,144,91,75,10,111,111,84,52,9,9,6,7,1,0.0,7,4,1,1,0.0,0,7743,26,26. СОФИЯ област,17,4741.0,0.6122949761074519,SFO45
Сливо поле,1423,1083,320,1447,337,106,147,17,197,101,24,19,31,11,3,14,7,5,0.0,3,6,6,5,0.0,0,10604,19,19. РУСЕ,18,5312.0,0.5009430403621274,RSE33
Смолян,8083,5770,1223,1074,595,827,462,328,585,703,344,270,181,68,42,40,35,10,172.0,15,13,20,0,0.0,0,35894,22,22. СМОЛЯН,91,20860.0,0.5811556248955257,SML31
Смядово,1135,723,237,236,185,137,69,4,126,38,17,19,8,6,1,7,3,2,0.0,4,2,4,3,0.0,0,5731,30,30. ШУМЕН,13,2966.0,0.5175362065957075,SHU25
Созопол,2828,1900,685,106,362,297,124,88,68,143,118,44,53,19,16,11,8,24,0.0,6,6,6,5,0.0,0,11284,2,02. БУРГАС,21,6917.0,0.6129918468628146,BGS21
Сопот,1240,1758,538,110,209,219,400,44,15,150,45,99,50,12,3,12,9,3,0.0,3,3,3,1,0.0,0,9227,17,17. ПЛОВДИВ област,12,4926.0,0.5338679960984068,PDV43
Средец,2196,1997,1038,568,524,231,72,22,10,115,46,84,40,18,19,13,16,133,0.0,7,8,0,7,0.0,0,11878,2,02. БУРГАС,39,7164.0,0.6031318403771678,BGS06
Стамболийски,3699,2571,706,65,502,435,279,119,10,209,202,109,79,16,14,9,16,13,0.0,12,8,4,6,0.0,0,18276,17,17. ПЛОВДИВ област,27,9083.0,0.4969905887502736,PDV41
Стамболово,220,356,97,2051,251,20,37,6,773,39,19,8,9,4,5,5,2,2,0.0,0,0,0,5,0.0,0,11860,29,29. ХАСКОВО,26,3909.0,0.3295952782462057,HKV30
Стара Загора,28929,22843,7693,3867,3491,3529,2143,1877,88,2159,1700,1316,898,195,162,109,114,138,468.0,126,65,46,36,0.0,0,143886,27,27. СТАРА ЗАГОРА,208,81992.0,0.5698400122319058,SZR31
Столична,203458,151508,47227,4454,19776,21715,22868,46273,806,19901,33702,10439,8520,2631,2269,1220,870,1011,2733.0,870,370,635,357,0.0,0,1153203,23,23. СОФИЯ 23 МИР,1592,603613.0,0.523423022659497,SOF46
Стражица,1395,2066,423,736,489,144,61,39,16,112,47,31,36,3,9,12,17,18,0.0,2,11,1,4,0.0,0,11337,4,04. ВЕЛИКО ТЪРНОВО,24,5672.0,0.5003087236482314,VTR31
Стралджа,1528,2083,914,247,272,101,69,22,93,83,46,126,24,15,11,7,10,22,0.0,5,0,7,7,0.0,0,10338,31,31. ЯМБОЛ,30,5692.0,0.5505900561036952,JAM22
Стрелча,737,898,196,244,133,81,60,22,1,41,23,132,22,1,3,4,0,3,0.0,5,1,2,4,0.0,0,4363,13,13. ПАЗАРДЖИК,9,2613.0,0.5988998395599359,PAZ32
Струмяни,851,645,225,255,240,47,126,12,2,29,24,26,7,4,9,5,13,3,3.0,2,0,1,5,0.0,0,4615,1,01. БЛАГОЕВГРАД,20,2534.0,0.5490790899241603,BLG49
Суворово,924,870,284,632,255,274,28,17,42,70,22,15,13,5,8,10,7,6,4.0,3,2,6,0,3.0,0,6322,3,03. ВАРНА,13,3500.0,0.5536222714330908,VAR26
Сунгурларе,985,1164,419,1950,465,137,39,10,542,75,36,47,20,11,8,8,15,25,0.0,4,8,3,9,0.0,0,10731,2,02. БУРГАС,30,5980.0,0.5572640014910074,BGS23
Сухиндол,222,538,69,131,96,42,34,3,7,31,6,7,7,2,5,4,1,5,0.0,2,3,3,1,0.0,0,2183,4,04. ВЕЛИКО ТЪРНОВО,10,1219.0,0.5584058634906093,VTR32
Съединение,1395,1384,673,71,272,263,155,53,6,95,107,196,19,9,9,9,15,5,0.0,8,7,7,3,0.0,0,8571,17,17. ПЛОВДИВ област,19,4761.0,0.5554777738886945,PDV33
Сърница,433,246,5,1705,63,27,72,5,71,17,11,17,2,2,3,4,0,0,0.0,0,0,0,3,0.0,0,4221,13,13. ПАЗАРДЖИК,6,2686.0,0.6363420990286662,PAZ39
Твърдица,1897,1619,468,418,481,174,95,14,132,92,23,42,66,10,15,3,9,8,0.0,2,7,11,6,0.0,0,11739,21,21. СЛИВЕН,19,5592.0,0.4763608484538717,SLV24
Тервел,1204,1563,438,2655,399,300,30,37,1301,94,33,46,19,7,8,16,6,6,0.0,5,0,5,0,0.0,0,20080,8,08. ДОБРИЧ,34,8172.0,0.4069721115537849,DOB27
Тетевен,3287,2985,780,2306,634,235,128,88,54,225,55,132,49,21,24,24,26,5,7.0,5,5,10,0,0.0,0,18268,11,11. ЛОВЕЧ,37,11085.0,0.6067987738121305,LOV33
Тополовград,1771,2012,696,243,292,131,76,53,9,89,57,37,45,18,10,13,13,13,0.0,3,6,6,3,0.0,0,9486,29,29. ХАСКОВО,23,5596.0,0.589921990301497,HKV32
Трекляно,70,226,32,9,10,9,15,2,1,9,2,13,2,0,1,1,0,0,0.0,0,0,0,0,0.0,0,516,10,10. КЮСТЕНДИЛ,9,402.0,0.7790697674418605,KNL50
Троян,5519,4491,2076,849,481,1199,291,226,132,439,193,200,296,41,54,40,34,11,23.0,22,16,8,0,0.0,0,28850,11,11. ЛОВЕЧ,63,16641.0,0.5768110918544194,LOV34
Трън,894,843,153,39,167,60,46,11,3,37,9,26,6,13,9,1,18,8,0.0,1,0,0,0,0.0,0,3566,14,14. ПЕРНИК,21,2344.0,0.6573191250701066,PER51
Трявна,1856,1660,737,33,150,506,114,112,7,150,67,220,89,25,18,10,7,1,0.0,5,7,12,4,0.0,0,10719,7,07. ГАБРОВО,22,5790.0,0.5401623285754268,GAB35
Тунджа,3040,4839,1481,198,496,235,231,40,11,167,113,166,63,22,17,11,10,25,0.0,16,0,14,12,0.0,0,19351,31,31. ЯМБОЛ,53,11207.0,0.5791431967340189,JAM25
Тутракан,1995,1980,948,2052,249,208,75,68,214,124,30,148,43,9,18,9,8,8,0.0,4,8,3,7,0.0,0,15157,20,20. СИЛИСТРА,28,8208.0,0.5415319654285149,SLS34
Търговище,7471,6760,2135,8233,806,1306,245,235,1366,481,361,326,230,35,55,39,24,26,0.0,19,27,18,20,0.0,0,56838,28,28. ТЪРГОВИЩЕ,105,30218.0,0.5316513600056301,TGV35
Угърчин,1296,863,183,372,195,58,38,8,22,52,22,11,13,6,1,2,4,1,3.0,5,4,3,0,0.0,0,5091,11,11. ЛОВЕЧ,13,3162.0,0.6210960518562169,LOV36
Хаджидимово,1236,1281,223,1343,366,111,167,12,91,71,41,46,23,7,10,17,8,2,2.0,34,19,1,1,0.0,0,8908,1,01. БЛАГОЕВГРАД,19,5112.0,0.5738661876964526,BLG52
Хайредин,647,851,171,151,150,48,258,6,3,63,32,51,15,3,1,3,5,19,0.0,4,4,1,1,0.0,0,4274,6,06. ВРАЦА,12,2487.0,0.5818905007019186,VRC35
Харманли,3953,3866,1406,943,711,276,335,67,429,195,142,57,87,28,18,13,39,68,0.0,14,10,5,12,0.0,0,22530,29,29. ХАСКОВО,46,12674.0,0.5625388371060808,HKV33
Хасково,14838,12382,3915,6689,2068,902,1366,624,2542,881,586,416,434,88,102,51,47,61,0.0,33,36,24,36,0.0,0,92413,29,29. ХАСКОВО,153,48121.0,0.5207167822708926,HKV34
Хисаря,1723,2101,679,20,379,234,282,53,16,143,169,214,71,27,18,15,14,16,0.0,9,7,9,6,0.0,0,11203,17,17. ПЛОВДИВ област,24,6205.0,0.5538694992412747,PDV37
Хитрино,1226,308,50,984,253,47,19,8,860,48,8,6,6,5,5,6,3,0,0.0,2,2,1,2,0.0,0,9797,30,30. ШУМЕН,21,3849.0,0.3928753700112279,SHU11
Цар Калоян,440,280,169,1268,98,56,8,7,490,61,36,11,3,3,3,4,2,0,0.0,1,0,0,3,0.0,0,6400,18,18. РАЗГРАД,10,2943.0,0.45984375,RAZ36
Царево,2309,1340,458,78,353,140,61,69,2,95,85,63,31,32,16,4,7,10,0.0,9,5,2,0,0.0,0,7810,2,02. БУРГАС,19,5169.0,0.6618437900128041,BGS13
Ценово,1098,1136,321,87,175,52,56,16,2,58,13,11,15,5,6,2,2,3,0.0,4,3,3,1,0.0,0,5069,19,19. РУСЕ,10,3069.0,0.6054448609193135,RSE37
Чавдар,151,254,81,21,31,26,22,0,0,23,10,6,3,0,0,2,3,1,0.0,2,1,0,0,0.0,0,1060,26,26. СОФИЯ област,2,637.0,0.6009433962264151,SFO57
Челопеч,316,289,68,19,29,37,14,3,0,16,11,6,4,2,0,3,1,1,0.0,1,1,0,1,0.0,0,1264,26,26. СОФИЯ област,3,822.0,0.6503164556962026,SFO58
Чепеларе,1105,1197,418,265,127,166,82,41,32,99,69,36,19,10,11,9,2,1,4.0,5,10,3,0,0.0,0,6414,22,22. СМОЛЯН,16,3711.0,0.578578110383536,SML38
Червен бряг,3169,4585,1461,1057,747,370,365,109,22,316,312,100,72,28,20,31,32,17,9.0,14,24,8,8,0.0,0,25792,15,15. ПЛЕВЕН,42,12876.0,0.49922456575682383,PVN37
Черноочене,610,143,25,3808,161,11,3,2,1174,31,5,4,3,3,0,2,1,0,0.0,0,1,1,0,0.0,0,12846,9,09. КЪРДЖАЛИ,39,5988.0,0.4661373190098085,KRZ35
Чипровци,882,658,217,85,91,65,81,27,8,56,19,8,32,2,11,2,0,1,0.0,0,6,3,1,0.0,0,3415,12,12. МОНТАНА,12,2255.0,0.6603221083455344,MON36
Чирпан,2418,3329,1056,1445,645,409,291,117,67,148,91,77,129,13,17,9,18,12,5.0,14,6,7,9,0.0,0,18641,27,27. СТАРА ЗАГОРА,39,10332.0,0.5542621104018025,SZR36
Чупрене,199,404,61,142,48,20,23,8,5,19,10,14,4,0,1,10,2,0,0.0,1,0,0,0,0.0,0,1655,5,05. ВИДИН,10,971.0,0.5867069486404833,VID37
Шабла,633,873,346,17,101,153,29,17,6,56,23,73,20,8,7,7,8,2,0.0,3,0,3,0,0.0,0,4244,8,08. ДОБРИЧ,16,2385.0,0.5619698397737983,DOB29
Шумен,14321,11371,5146,2765,1544,2763,1545,604,1537,957,533,693,440,83,86,87,49,59,0.0,59,20,31,34,0.0,0,90286,30,30. ШУМЕН,127,44727.0,0.49539241964424163,SHU30
Ябланица,669,850,272,765,186,117,84,12,9,48,39,33,14,1,1,3,1,3,0.0,4,6,5,0,0.0,0,4791,11,11. ЛОВЕЧ,11,3122.0,0.651638488833229,LOV38
Якимово,529,731,82,339,128,34,156,5,3,31,9,8,12,2,3,4,0,5,0.0,6,2,2,3,0.0,0,3535,12,12. МОНТАНА,9,2094.0,0.5923620933521924,MON38
Якоруда,578,480,127,2876,315,93,11,13,556,108,29,54,16,6,6,6,2,1,6.0,1,7,0,4,0.0,0,8955,1,01. БЛАГОЕВГРАД,16,5295.0,0.5912897822445561,BLG53
Ямбол,10791,11207,4496,1083,958,985,758,435,253,870,776,652,343,84,95,49,60,29,0.0,39,0,23,23,0.0,0,68613,31,31. ЯМБОЛ,104,34009.0,0.4956640869806013,JAM26
